order_id,creator_id,order_date,gross_revenue,refunds,shipping_cost,platform_fee,promo_credit,currency,status
o-c-001-0001,c-001,2026-04-15,192.26,0.00,0.55,3.85,0.00,USD,fulfilled
o-c-001-0002,c-001,2026-04-28,396.10,0.00,2.87,7.92,0.00,USD,fulfilled
o-c-001-0003,c-001,2026-04-11,142.57,0.00,10.51,2.85,0.00,USD,cancelled
o-c-001-0004,c-001,2026-04-16,44.67,0.00,7.53,0.89,0.00,USD,fulfilled
o-c-001-0005,c-001,2026-04-21,332.69,0.00,3.23,6.65,0.00,USD,fulfilled
o-c-001-0006,c-001,2026-04-13,236.13,0.00,4.73,4.72,0.00,USD,fulfilled
o-c-001-0007,c-001,2026-04-03,167.77,108.44,4.42,3.36,0.00,USD,fulfilled
o-c-001-0008,c-001,2026-04-14,161.65,0.00,12.48,3.23,0.00,USD,fulfilled
o-c-001-0009,c-001,2026-04-08,185.92,0.00,7.11,3.72,0.00,USD,pending
o-c-001-0010,c-001,2026-04-23,83.66,82.07,7.05,1.67,0.00,USD,fulfilled
o-c-001-0011,c-001,2026-04-29,124.72,0.00,10.18,2.49,0.00,USD,fulfilled
o-c-001-0012,c-001,2026-04-18,239.07,0.00,4.60,4.78,19.54,USD,fulfilled
o-c-001-0013,c-001,2026-04-06,321.80,0.00,12.50,6.44,0.00,USD,fulfilled
o-c-002-0001,c-002,2026-04-28,127.26,0.00,8.05,2.55,0.00,USD,fulfilled
o-c-002-0002,c-002,2026-04-25,243.74,146.72,1.87,4.87,0.00,USD,fulfilled
o-c-002-0003,c-002,2026-04-04,161.64,0.00,4.96,3.23,0.00,USD,cancelled
o-c-002-0004,c-002,2026-04-15,329.19,0.00,3.79,6.58,48.98,USD,fulfilled
o-c-002-0005,c-002,2026-04-22,305.29,0.00,2.01,6.11,0.00,USD,fulfilled
o-c-002-0006,c-002,2026-04-09,41.50,0.00,12.07,0.83,0.00,USD,fulfilled
o-c-002-0007,c-002,2026-04-03,256.59,0.00,10.95,5.13,0.00,USD,fulfilled
o-c-002-0008,c-002,2026-04-16,281.09,0.00,1.52,5.62,0.00,USD,fulfilled
o-c-002-0009,c-002,2026-04-28,57.87,0.00,0.43,1.16,0.00,USD,fulfilled
o-c-002-0010,c-002,2026-04-24,375.29,0.00,2.60,7.51,0.00,USD,fulfilled
o-c-002-0011,c-002,2026-04-16,388.24,0.00,9.10,7.76,0.00,USD,fulfilled
o-c-002-0012,c-002,2026-04-13,413.09,0.00,11.50,8.26,0.00,USD,fulfilled
o-c-002-0013,c-002,2026-04-04,29.40,0.00,6.10,0.59,0.00,USD,cancelled
o-c-002-0014,c-002,2026-04-14,290.69,0.00,11.11,5.81,0.00,USD,fulfilled
o-c-002-0015,c-002,2026-04-09,398.54,0.00,3.79,7.97,0.00,USD,fulfilled
o-c-002-0016,c-002,2026-04-02,338.43,152.66,4.70,6.77,0.00,USD,fulfilled
o-c-002-0017,c-002,2026-04-13,127.06,0.00,11.19,2.54,0.00,USD,fulfilled
o-c-002-0018,c-002,2026-04-17,304.96,0.00,8.57,6.10,0.00,USD,fulfilled
o-c-002-0019,c-002,2026-04-21,142.59,0.00,0.81,2.85,0.00,USD,fulfilled
o-c-002-0020,c-002,2026-04-07,188.28,0.00,1.29,3.77,0.00,USD,pending
o-c-002-0021,c-002,2026-04-27,238.24,0.00,2.23,4.76,0.00,USD,fulfilled
o-c-002-0022,c-002,2026-04-29,395.91,0.00,3.12,7.92,21.74,USD,fulfilled
o-c-002-0023,c-002,2026-04-02,64.23,0.00,5.21,1.28,0.00,USD,fulfilled
o-c-002-0024,c-002,2026-04-14,190.71,0.00,5.94,3.81,0.00,USD,fulfilled
o-c-002-0025,c-002,2026-04-27,268.01,0.00,12.43,5.36,34.63,USD,pending
o-c-002-0026,c-002,2026-04-21,287.76,0.00,8.90,5.76,23.79,USD,fulfilled
o-c-002-0027,c-002,2026-04-12,21.79,0.00,6.07,0.44,0.00,USD,fulfilled
o-c-002-0028,c-002,2026-04-15,19.36,0.00,11.37,0.39,0.00,USD,fulfilled
o-c-002-0029,c-002,2026-04-14,379.86,0.00,10.05,7.60,45.24,USD,fulfilled
o-c-003-0001,c-003,2026-04-26,91.85,0.00,1.40,1.84,0.00,USD,fulfilled
o-c-003-0002,c-003,2026-04-25,215.51,109.66,5.88,4.31,14.26,USD,fulfilled
o-c-003-0003,c-003,2026-04-19,396.50,0.00,1.74,7.93,0.00,USD,fulfilled
o-c-003-0004,c-003,2026-04-02,106.19,0.00,11.94,2.12,0.00,USD,fulfilled
o-c-003-0005,c-003,2026-04-04,357.16,0.00,8.97,7.14,0.00,USD,fulfilled
o-c-003-0006,c-003,2026-04-01,386.47,0.00,8.12,7.73,0.00,USD,fulfilled
o-c-003-0007,c-003,2026-04-29,149.31,0.00,2.13,2.99,0.00,USD,fulfilled
o-c-003-0008,c-003,2026-04-17,214.52,0.00,7.29,4.29,0.00,USD,fulfilled
o-c-003-0009,c-003,2026-04-25,21.59,0.00,3.70,0.43,0.00,USD,fulfilled
o-c-003-0010,c-003,2026-04-10,85.62,0.00,3.92,1.71,0.00,USD,pending
o-c-003-0011,c-003,2026-04-15,35.54,0.00,1.45,0.71,0.00,USD,fulfilled
o-c-003-0012,c-003,2026-04-13,345.99,0.00,6.29,6.92,0.00,USD,fulfilled
o-c-003-0013,c-003,2026-04-27,380.29,0.00,7.19,7.61,0.00,USD,fulfilled
o-c-003-0014,c-003,2026-04-08,20.95,12.54,5.95,0.42,0.00,USD,fulfilled
o-c-003-0015,c-003,2026-04-10,392.42,0.00,8.49,7.85,0.00,USD,fulfilled
o-c-003-0016,c-003,2026-04-27,240.77,0.00,4.50,4.82,0.00,USD,fulfilled
o-c-003-0017,c-003,2026-04-26,271.92,0.00,8.56,5.44,0.00,USD,fulfilled
o-c-004-0001,c-004,2026-04-06,161.25,0.00,2.07,3.23,0.00,EUR,fulfilled
o-c-004-0002,c-004,2026-04-14,331.72,0.00,6.80,6.63,0.00,EUR,fulfilled
o-c-004-0003,c-004,2026-04-13,389.15,0.00,10.11,7.78,30.83,EUR,cancelled
o-c-004-0004,c-004,2026-04-27,108.37,0.00,8.92,2.17,0.00,EUR,fulfilled
o-c-004-0005,c-004,2026-04-06,164.26,0.00,8.68,3.29,0.00,EUR,fulfilled
o-c-004-0006,c-004,2026-04-19,165.99,0.00,10.50,3.32,0.00,EUR,fulfilled
o-c-004-0007,c-004,2026-04-20,210.42,0.00,8.28,4.21,0.00,EUR,fulfilled
o-c-004-0008,c-004,2026-04-23,27.79,0.00,11.29,0.56,0.00,EUR,fulfilled
o-c-004-0009,c-004,2026-04-12,166.93,0.00,10.39,3.34,0.00,EUR,fulfilled
o-c-004-0010,c-004,2026-04-03,76.01,0.00,6.64,1.52,0.00,EUR,fulfilled
o-c-004-0011,c-004,2026-04-14,117.34,85.84,6.85,2.35,0.00,EUR,fulfilled
o-c-004-0012,c-004,2026-04-07,411.39,235.13,1.69,8.23,0.00,EUR,fulfilled
o-c-004-0013,c-004,2026-04-25,281.37,0.00,7.86,5.63,0.00,EUR,fulfilled
o-c-004-0014,c-004,2026-04-22,380.51,0.00,11.17,7.61,33.07,EUR,fulfilled
o-c-004-0015,c-004,2026-04-04,413.92,0.00,0.17,8.28,0.00,EUR,fulfilled
o-c-004-0016,c-004,2026-04-26,214.08,0.00,9.94,4.28,19.84,EUR,cancelled
o-c-004-0017,c-004,2026-04-02,404.32,0.00,7.02,8.09,0.00,EUR,fulfilled
o-c-004-0018,c-004,2026-04-01,419.47,0.00,2.11,8.39,41.16,EUR,fulfilled
o-c-004-0019,c-004,2026-04-27,92.53,0.00,8.14,1.85,0.00,EUR,fulfilled
o-c-004-0020,c-004,2026-04-12,305.70,0.00,4.15,6.11,0.00,EUR,fulfilled
o-c-004-0021,c-004,2026-04-20,114.59,0.00,5.13,2.29,0.00,EUR,fulfilled
o-c-004-0022,c-004,2026-04-25,192.53,0.00,11.14,3.85,10.67,EUR,fulfilled
o-c-004-0023,c-004,2026-04-23,214.17,0.00,9.47,4.28,0.00,EUR,fulfilled
o-c-004-0024,c-004,2026-04-07,249.60,0.00,0.58,4.99,0.00,EUR,fulfilled
o-c-004-0025,c-004,2026-04-01,23.36,0.00,7.23,0.47,0.00,EUR,fulfilled
o-c-004-0026,c-004,2026-04-25,299.70,0.00,12.00,5.99,36.67,EUR,fulfilled
o-c-004-0027,c-004,2026-04-11,174.85,0.00,5.74,3.50,0.00,EUR,fulfilled
o-c-004-0028,c-004,2026-04-26,147.76,0.00,11.09,2.96,0.00,EUR,fulfilled
o-c-005-0001,c-005,2026-04-25,398.09,0.00,3.18,7.96,0.00,USD,fulfilled
o-c-005-0002,c-005,2026-04-15,106.91,0.00,4.94,2.14,0.00,USD,fulfilled
o-c-005-0003,c-005,2026-04-01,227.50,0.00,11.60,4.55,0.00,USD,fulfilled
o-c-005-0004,c-005,2026-04-27,188.63,0.00,8.67,3.77,0.00,USD,fulfilled
o-c-005-0005,c-005,2026-04-22,199.37,0.00,1.76,3.99,0.00,USD,fulfilled
o-c-005-0006,c-005,2026-04-08,182.54,0.00,5.72,3.65,0.00,USD,fulfilled
o-c-005-0007,c-005,2026-04-06,377.47,0.00,11.87,7.55,0.00,USD,fulfilled
o-c-005-0008,c-005,2026-04-26,238.81,0.00,6.79,4.78,0.00,USD,fulfilled
o-c-005-0009,c-005,2026-04-15,391.00,0.00,7.81,7.82,0.00,USD,fulfilled
o-c-005-0010,c-005,2026-04-10,372.74,0.00,9.92,7.45,0.00,USD,fulfilled
o-c-005-0011,c-005,2026-04-27,203.42,0.00,10.03,4.07,0.00,USD,fulfilled
o-c-005-0012,c-005,2026-04-28,168.86,57.86,9.28,3.38,0.00,USD,fulfilled
o-c-005-0013,c-005,2026-04-23,270.65,0.00,9.48,5.41,26.82,USD,pending
o-c-005-0014,c-005,2026-04-10,101.38,34.12,7.34,2.03,0.00,USD,fulfilled
o-c-005-0015,c-005,2026-04-14,126.74,0.00,5.31,2.53,0.00,USD,fulfilled
o-c-005-0016,c-005,2026-04-25,333.30,0.00,11.40,6.67,0.00,USD,fulfilled
o-c-005-0017,c-005,2026-04-10,316.99,0.00,10.44,6.34,45.00,USD,fulfilled
o-c-005-0018,c-005,2026-04-20,230.77,0.00,3.56,4.62,0.00,USD,fulfilled
o-c-005-0019,c-005,2026-04-13,77.29,0.00,9.25,1.55,0.00,USD,fulfilled
o-c-005-0020,c-005,2026-04-05,66.90,0.00,6.78,1.34,0.00,USD,fulfilled
o-c-005-0021,c-005,2026-04-18,36.90,0.00,2.82,0.74,3.09,USD,cancelled
o-c-005-0022,c-005,2026-04-14,34.84,0.00,5.14,0.70,0.00,USD,fulfilled
o-c-005-0023,c-005,2026-04-05,147.45,0.00,3.90,2.95,13.10,USD,fulfilled
o-c-005-0024,c-005,2026-04-07,380.55,0.00,11.06,7.61,0.00,USD,fulfilled
o-c-006-0001,c-006,2026-04-16,309.71,0.00,11.98,6.19,0.00,GBP,fulfilled
o-c-006-0002,c-006,2026-04-06,328.93,0.00,10.25,6.58,0.00,GBP,fulfilled
o-c-006-0003,c-006,2026-04-28,201.39,0.00,6.49,4.03,0.00,GBP,fulfilled
o-c-006-0004,c-006,2026-04-24,34.01,0.00,8.26,0.68,0.00,GBP,fulfilled
o-c-006-0005,c-006,2026-04-16,307.08,0.00,11.16,6.14,0.00,GBP,fulfilled
o-c-006-0006,c-006,2026-04-11,276.50,0.00,3.60,5.53,0.00,GBP,fulfilled
o-c-006-0007,c-006,2026-04-24,365.93,0.00,10.56,7.32,40.60,GBP,fulfilled
o-c-006-0008,c-006,2026-04-16,210.55,0.00,6.39,4.21,0.00,GBP,fulfilled
o-c-007-0001,c-007,2026-04-12,324.91,0.00,9.79,6.50,25.47,USD,fulfilled
o-c-007-0002,c-007,2026-04-28,309.16,0.00,1.76,6.18,0.00,USD,fulfilled
o-c-007-0003,c-007,2026-04-19,86.99,0.00,11.49,1.74,10.77,USD,fulfilled
o-c-007-0004,c-007,2026-04-10,175.34,0.00,0.86,3.51,0.00,USD,fulfilled
o-c-007-0005,c-007,2026-04-18,128.63,0.00,8.32,2.57,0.00,USD,fulfilled
o-c-007-0006,c-007,2026-04-24,255.20,0.00,4.84,5.10,0.00,USD,fulfilled
o-c-007-0007,c-007,2026-04-16,313.01,0.00,0.15,6.26,0.00,USD,fulfilled
o-c-007-0008,c-007,2026-04-17,302.47,0.00,5.58,6.05,0.00,USD,fulfilled
o-c-007-0009,c-007,2026-04-16,289.40,0.00,8.82,5.79,0.00,USD,fulfilled
o-c-007-0010,c-007,2026-04-20,48.43,0.00,5.70,0.97,0.00,USD,fulfilled
o-c-007-0011,c-007,2026-04-12,144.82,0.00,2.35,2.90,0.00,USD,fulfilled
o-c-007-0012,c-007,2026-04-17,33.59,0.00,3.30,0.67,0.00,USD,fulfilled
o-c-007-0013,c-007,2026-04-08,112.00,0.00,8.93,2.24,0.00,USD,fulfilled
o-c-007-0014,c-007,2026-04-22,369.79,0.00,7.82,7.40,0.00,USD,fulfilled
o-c-007-0015,c-007,2026-04-19,88.01,0.00,7.64,1.76,0.00,USD,fulfilled
o-c-007-0016,c-007,2026-04-25,243.80,0.00,8.86,4.88,0.00,USD,fulfilled
o-c-008-0001,c-008,2026-04-17,133.47,0.00,1.05,2.67,0.00,CAD,fulfilled
o-c-008-0002,c-008,2026-04-18,367.01,0.00,12.13,7.34,25.78,CAD,fulfilled
o-c-008-0003,c-008,2026-04-11,53.95,0.00,9.09,1.08,4.36,CAD,fulfilled
o-c-008-0004,c-008,2026-04-06,280.97,0.00,5.08,5.62,0.00,CAD,fulfilled
o-c-008-0005,c-008,2026-04-16,270.82,0.00,8.67,5.42,0.00,CAD,fulfilled
o-c-008-0006,c-008,2026-04-12,409.78,0.00,12.21,8.20,0.00,CAD,fulfilled
o-c-008-0007,c-008,2026-04-12,169.29,0.00,5.06,3.39,19.61,CAD,fulfilled
o-c-008-0008,c-008,2026-04-22,38.70,0.00,8.53,0.77,0.00,CAD,fulfilled
o-c-008-0009,c-008,2026-04-25,53.77,0.00,1.09,1.08,0.00,CAD,fulfilled
o-c-008-0010,c-008,2026-04-21,128.39,0.00,1.22,2.57,0.00,CAD,fulfilled
o-c-008-0011,c-008,2026-04-25,357.68,0.00,0.38,7.15,0.00,CAD,fulfilled
o-c-008-0012,c-008,2026-04-10,100.34,0.00,12.30,2.01,0.00,CAD,fulfilled
o-c-008-0013,c-008,2026-04-20,222.86,0.00,9.54,4.46,0.00,CAD,fulfilled
o-c-008-0014,c-008,2026-04-02,157.58,0.00,3.70,3.15,0.00,CAD,fulfilled
o-c-008-0015,c-008,2026-04-08,36.25,0.00,10.45,0.73,0.00,CAD,fulfilled
o-c-008-0016,c-008,2026-04-23,228.06,0.00,9.19,4.56,0.00,CAD,fulfilled
o-c-008-0017,c-008,2026-04-15,213.77,0.00,7.50,4.28,19.10,CAD,fulfilled
o-c-008-0018,c-008,2026-04-09,291.40,0.00,11.27,5.83,23.63,CAD,fulfilled
o-c-008-0019,c-008,2026-04-05,183.53,0.00,9.43,3.67,0.00,CAD,fulfilled
o-c-008-0020,c-008,2026-04-22,26.14,0.00,12.40,0.52,1.46,CAD,fulfilled
o-c-009-0001,c-009,2026-04-14,383.10,0.00,9.64,7.66,43.31,USD,fulfilled
o-c-009-0002,c-009,2026-04-02,236.53,0.00,7.39,4.73,19.11,USD,fulfilled
o-c-009-0003,c-009,2026-04-18,255.76,0.00,7.93,5.12,21.91,USD,pending
o-c-009-0004,c-009,2026-04-06,158.35,0.00,8.34,3.17,0.00,USD,fulfilled
o-c-009-0005,c-009,2026-04-19,147.18,0.00,3.22,2.94,0.00,USD,fulfilled
o-c-009-0006,c-009,2026-04-12,90.87,0.00,7.28,1.82,6.41,USD,fulfilled
o-c-009-0007,c-009,2026-04-04,178.76,0.00,1.14,3.58,0.00,USD,fulfilled
o-c-009-0008,c-009,2026-04-07,31.11,0.00,6.02,0.62,0.00,USD,fulfilled
o-c-009-0009,c-009,2026-04-20,24.60,14.19,6.52,0.49,0.00,USD,fulfilled
o-c-009-0010,c-009,2026-04-29,302.81,0.00,2.86,6.06,0.00,USD,fulfilled
o-c-009-0011,c-009,2026-04-20,406.71,320.36,5.99,8.13,0.00,USD,fulfilled
o-c-009-0012,c-009,2026-04-21,243.98,0.00,8.48,4.88,0.00,USD,fulfilled
o-c-009-0013,c-009,2026-04-18,48.13,0.00,4.19,0.96,0.00,USD,fulfilled
o-c-009-0014,c-009,2026-04-05,388.68,0.00,8.34,7.77,22.69,USD,fulfilled
o-c-009-0015,c-009,2026-04-22,283.94,0.00,6.49,5.68,0.00,USD,fulfilled
o-c-009-0016,c-009,2026-04-10,318.40,0.00,10.13,6.37,0.00,USD,fulfilled
o-c-009-0017,c-009,2026-04-18,61.42,0.00,3.95,1.23,0.00,USD,fulfilled
o-c-009-0018,c-009,2026-04-20,156.70,0.00,4.95,3.13,0.00,USD,cancelled
o-c-009-0019,c-009,2026-04-26,124.89,0.00,9.19,2.50,0.00,USD,fulfilled
o-c-009-0020,c-009,2026-04-03,29.04,0.00,0.24,0.58,0.00,USD,fulfilled
o-c-010-0001,c-010,2026-04-12,86.95,0.00,9.71,1.74,0.00,USD,fulfilled
o-c-010-0002,c-010,2026-04-25,209.03,0.00,11.46,4.18,15.57,USD,fulfilled
o-c-010-0003,c-010,2026-04-13,369.78,0.00,3.02,7.40,0.00,USD,fulfilled
o-c-010-0004,c-010,2026-04-27,256.49,0.00,0.69,5.13,0.00,USD,fulfilled
o-c-010-0005,c-010,2026-04-05,356.11,0.00,12.48,7.12,0.00,USD,fulfilled
o-c-010-0006,c-010,2026-04-29,166.29,0.00,9.36,3.33,0.00,USD,fulfilled
o-c-010-0007,c-010,2026-04-16,51.72,0.00,4.80,1.03,0.00,USD,fulfilled
o-c-010-0008,c-010,2026-04-01,211.48,0.00,0.63,4.23,0.00,USD,fulfilled
o-c-010-0009,c-010,2026-04-07,105.51,0.00,7.55,2.11,0.00,USD,fulfilled
o-c-010-0010,c-010,2026-04-03,342.65,0.00,1.34,6.85,0.00,USD,fulfilled
o-c-010-0011,c-010,2026-04-08,46.47,0.00,10.85,0.93,0.00,USD,fulfilled
o-c-010-0012,c-010,2026-04-24,172.32,0.00,4.03,3.45,0.00,USD,fulfilled
o-c-010-0013,c-010,2026-04-07,22.31,0.00,1.03,0.45,0.00,USD,fulfilled
o-c-010-0014,c-010,2026-04-03,316.32,0.00,0.89,6.33,0.00,USD,fulfilled
o-c-010-0015,c-010,2026-04-28,389.32,0.00,0.30,7.79,0.00,USD,fulfilled
o-c-010-0016,c-010,2026-04-04,33.42,0.00,5.01,0.67,0.00,USD,fulfilled
o-c-010-0017,c-010,2026-04-05,307.01,0.00,8.47,6.14,0.00,USD,fulfilled
o-c-010-0018,c-010,2026-04-04,96.47,0.00,8.01,1.93,0.00,USD,fulfilled
o-c-010-0019,c-010,2026-04-03,157.96,0.00,6.91,3.16,0.00,USD,fulfilled
o-c-010-0020,c-010,2026-04-21,103.89,0.00,11.13,2.08,0.00,USD,pending
o-c-010-0021,c-010,2026-04-20,163.89,0.00,4.85,3.28,0.00,USD,fulfilled
o-c-010-0022,c-010,2026-04-12,73.16,0.00,3.62,1.46,0.00,USD,fulfilled
o-c-010-0023,c-010,2026-04-26,117.78,61.44,11.02,2.36,0.00,USD,fulfilled
o-c-010-0024,c-010,2026-04-16,312.63,0.00,11.87,6.25,0.00,USD,fulfilled
o-c-010-0025,c-010,2026-04-16,338.67,0.00,5.30,6.77,0.00,USD,fulfilled
o-c-010-0026,c-010,2026-04-11,252.37,0.00,12.35,5.05,0.00,USD,fulfilled
o-c-010-0027,c-010,2026-04-28,59.18,0.00,3.59,1.18,0.00,USD,fulfilled
o-c-011-0001,c-011,2026-04-26,103.68,0.00,9.83,2.07,0.00,EUR,pending
o-c-011-0002,c-011,2026-04-27,65.22,0.00,5.10,1.30,0.00,EUR,fulfilled
o-c-011-0003,c-011,2026-04-09,255.84,197.33,6.83,5.12,0.00,EUR,fulfilled
o-c-011-0004,c-011,2026-04-08,315.67,0.00,4.88,6.31,47.18,EUR,fulfilled
o-c-011-0005,c-011,2026-04-16,392.14,330.92,2.64,7.84,0.00,EUR,fulfilled
o-c-011-0006,c-011,2026-04-18,86.21,0.00,8.62,1.72,0.00,EUR,fulfilled
o-c-011-0007,c-011,2026-04-09,267.12,0.00,10.09,5.34,0.00,EUR,fulfilled
o-c-011-0008,c-011,2026-04-20,408.49,0.00,9.94,8.17,29.52,EUR,pending
o-c-011-0009,c-011,2026-04-23,248.61,0.00,2.02,4.97,0.00,EUR,fulfilled
o-c-011-0010,c-011,2026-04-15,133.50,0.00,2.13,2.67,0.00,EUR,fulfilled
o-c-011-0011,c-011,2026-04-19,245.38,0.00,12.28,4.91,0.00,EUR,fulfilled
o-c-011-0012,c-011,2026-04-16,266.36,0.00,9.13,5.33,38.64,EUR,pending
o-c-011-0013,c-011,2026-04-06,332.33,0.00,9.97,6.65,0.00,EUR,fulfilled
o-c-011-0014,c-011,2026-04-20,386.35,0.00,1.70,7.73,34.72,EUR,fulfilled
o-c-011-0015,c-011,2026-04-18,146.97,0.00,10.53,2.94,0.00,EUR,fulfilled
o-c-011-0016,c-011,2026-04-12,145.05,112.74,8.60,2.90,0.00,EUR,fulfilled
o-c-011-0017,c-011,2026-04-04,80.45,0.00,4.05,1.61,0.00,EUR,pending
o-c-011-0018,c-011,2026-04-28,312.20,0.00,5.54,6.24,0.00,EUR,fulfilled
o-c-011-0019,c-011,2026-04-01,99.50,0.00,3.29,1.99,0.00,EUR,fulfilled
o-c-011-0020,c-011,2026-04-17,153.35,46.33,11.69,3.07,16.89,EUR,fulfilled
o-c-012-0001,c-012,2026-04-25,183.60,132.04,6.65,3.67,0.00,USD,fulfilled
o-c-012-0002,c-012,2026-04-22,36.90,0.00,10.70,0.74,0.00,USD,fulfilled
o-c-012-0003,c-012,2026-04-10,27.37,0.00,1.35,0.55,0.00,USD,fulfilled
o-c-012-0004,c-012,2026-04-20,94.74,0.00,3.68,1.89,0.00,USD,fulfilled
o-c-012-0005,c-012,2026-04-03,214.00,0.00,2.09,4.28,0.00,USD,fulfilled
o-c-012-0006,c-012,2026-04-23,133.77,0.00,4.28,2.68,0.00,USD,fulfilled
o-c-012-0007,c-012,2026-04-06,49.26,0.00,10.42,0.99,0.00,USD,fulfilled
o-c-012-0008,c-012,2026-04-01,385.08,0.00,1.68,7.70,0.00,USD,fulfilled
o-c-012-0009,c-012,2026-04-12,397.24,0.00,1.91,7.94,0.00,USD,fulfilled
o-c-012-0010,c-012,2026-04-26,334.34,0.00,9.81,6.69,25.39,USD,fulfilled
o-c-012-0011,c-012,2026-04-04,378.58,0.00,2.14,7.57,0.00,USD,fulfilled
o-c-012-0012,c-012,2026-04-03,309.58,0.00,9.81,6.19,0.00,USD,fulfilled
o-c-013-0001,c-013,2026-04-18,107.98,0.00,12.26,2.16,12.92,USD,fulfilled
o-c-013-0002,c-013,2026-04-27,207.37,0.00,10.40,4.15,0.00,USD,fulfilled
o-c-013-0003,c-013,2026-04-15,292.05,0.00,5.78,5.84,0.00,USD,fulfilled
o-c-013-0004,c-013,2026-04-09,72.71,0.00,6.98,1.45,0.00,USD,fulfilled
o-c-013-0005,c-013,2026-04-06,212.23,0.00,4.92,4.24,16.99,USD,fulfilled
o-c-013-0006,c-013,2026-04-20,128.61,0.00,4.08,2.57,0.00,USD,fulfilled
o-c-013-0007,c-013,2026-04-02,257.05,0.00,3.00,5.14,0.00,USD,fulfilled
o-c-013-0008,c-013,2026-04-21,233.59,228.87,9.07,4.67,0.00,USD,pending
o-c-013-0009,c-013,2026-04-24,292.85,0.00,2.75,5.86,0.00,USD,fulfilled
o-c-013-0010,c-013,2026-04-07,226.51,0.00,9.80,4.53,0.00,USD,fulfilled
o-c-013-0011,c-013,2026-04-13,391.42,0.00,3.58,7.83,0.00,USD,fulfilled
o-c-013-0012,c-013,2026-04-11,131.99,0.00,4.58,2.64,0.00,USD,fulfilled
o-c-013-0013,c-013,2026-04-13,68.91,0.00,7.50,1.38,0.00,USD,fulfilled
o-c-013-0014,c-013,2026-04-16,176.73,0.00,5.36,3.53,0.00,USD,fulfilled
o-c-013-0015,c-013,2026-04-03,261.13,0.00,0.47,5.22,0.00,USD,fulfilled
o-c-013-0016,c-013,2026-04-17,328.33,0.00,10.63,6.57,0.00,USD,fulfilled
o-c-013-0017,c-013,2026-04-22,87.68,0.00,9.13,1.75,0.00,USD,fulfilled
o-c-013-0018,c-013,2026-04-13,208.91,0.00,1.78,4.18,0.00,USD,fulfilled
o-c-013-0019,c-013,2026-04-27,77.31,0.00,6.83,1.55,0.00,USD,fulfilled
o-c-013-0020,c-013,2026-04-29,109.60,0.00,9.22,2.19,0.00,USD,fulfilled
o-c-013-0021,c-013,2026-04-04,60.76,0.00,1.09,1.22,0.00,USD,fulfilled
o-c-013-0022,c-013,2026-04-22,38.25,0.00,8.17,0.77,0.00,USD,fulfilled
o-c-014-0001,c-014,2026-04-03,402.42,0.00,1.02,8.05,0.00,USD,fulfilled
o-c-014-0002,c-014,2026-04-21,302.36,0.00,1.03,6.05,0.00,USD,fulfilled
o-c-014-0003,c-014,2026-04-11,151.18,0.00,7.29,3.02,0.00,USD,fulfilled
o-c-014-0004,c-014,2026-04-19,307.64,0.00,8.83,6.15,0.00,USD,fulfilled
o-c-014-0005,c-014,2026-04-08,284.89,0.00,3.97,5.70,30.80,USD,fulfilled
o-c-014-0006,c-014,2026-04-05,175.39,123.32,10.37,3.51,0.00,USD,fulfilled
o-c-014-0007,c-014,2026-04-11,225.75,0.00,0.10,4.51,0.00,USD,fulfilled
o-c-014-0008,c-014,2026-04-20,158.06,0.00,2.26,3.16,0.00,USD,fulfilled
o-c-014-0009,c-014,2026-04-10,118.21,0.00,6.88,2.36,0.00,USD,fulfilled
o-c-014-0010,c-014,2026-04-25,152.60,0.00,1.41,3.05,0.00,USD,fulfilled
o-c-014-0011,c-014,2026-04-10,185.23,0.00,5.99,3.70,0.00,USD,fulfilled
o-c-014-0012,c-014,2026-04-04,249.30,0.00,6.52,4.99,27.96,USD,fulfilled
o-c-014-0013,c-014,2026-04-22,208.68,0.00,11.77,4.17,0.00,USD,fulfilled
o-c-014-0014,c-014,2026-04-27,151.29,0.00,4.54,3.03,0.00,USD,pending
o-c-014-0015,c-014,2026-04-21,23.74,0.00,3.89,0.47,0.00,USD,fulfilled
o-c-014-0016,c-014,2026-04-14,166.31,0.00,11.41,3.33,0.00,USD,fulfilled
o-c-015-0001,c-015,2026-04-22,31.36,0.00,4.07,0.63,0.00,CAD,fulfilled
o-c-015-0002,c-015,2026-04-03,119.58,0.00,2.45,2.39,0.00,CAD,fulfilled
o-c-015-0003,c-015,2026-04-26,247.43,0.00,10.55,4.95,0.00,CAD,fulfilled
o-c-015-0004,c-015,2026-04-14,406.27,0.00,11.75,8.13,0.00,CAD,fulfilled
o-c-015-0005,c-015,2026-04-25,47.02,0.00,4.51,0.94,2.82,CAD,fulfilled
o-c-015-0006,c-015,2026-04-26,359.02,0.00,8.40,7.18,0.00,CAD,fulfilled
o-c-015-0007,c-015,2026-04-16,199.22,0.00,11.36,3.98,0.00,CAD,fulfilled
o-c-015-0008,c-015,2026-04-02,252.27,0.00,9.48,5.05,0.00,CAD,fulfilled
o-c-015-0009,c-015,2026-04-17,207.81,0.00,7.15,4.16,0.00,CAD,fulfilled
o-c-015-0010,c-015,2026-04-06,167.28,0.00,10.10,3.35,0.00,CAD,fulfilled
o-c-015-0011,c-015,2026-04-05,316.00,0.00,2.03,6.32,0.00,CAD,fulfilled
o-c-015-0012,c-015,2026-04-20,356.02,0.00,6.46,7.12,0.00,CAD,fulfilled
o-c-015-0013,c-015,2026-04-14,264.19,0.00,1.13,5.28,35.05,CAD,fulfilled
o-c-015-0014,c-015,2026-04-10,82.10,0.00,7.22,1.64,0.00,CAD,fulfilled
o-c-016-0001,c-016,2026-04-08,117.67,0.00,11.48,2.35,0.00,USD,fulfilled
o-c-016-0002,c-016,2026-04-05,52.99,0.00,2.71,1.06,3.37,USD,fulfilled
o-c-016-0003,c-016,2026-04-12,158.26,0.00,9.29,3.17,0.00,USD,fulfilled
o-c-016-0004,c-016,2026-04-02,240.63,0.00,1.63,4.81,0.00,USD,fulfilled
o-c-016-0005,c-016,2026-04-01,23.15,0.00,6.63,0.46,0.00,USD,fulfilled
o-c-016-0006,c-016,2026-04-11,419.61,0.00,4.81,8.39,0.00,USD,cancelled
o-c-016-0007,c-016,2026-04-28,156.04,0.00,7.65,3.12,0.00,USD,fulfilled
o-c-016-0008,c-016,2026-04-22,165.25,0.00,10.33,3.31,0.00,USD,fulfilled
o-c-017-0001,c-017,2026-04-22,69.02,0.00,12.31,1.38,0.00,USD,fulfilled
o-c-017-0002,c-017,2026-04-09,399.22,0.00,10.61,7.98,0.00,USD,fulfilled
o-c-017-0003,c-017,2026-04-27,179.92,132.74,12.17,3.60,18.76,USD,fulfilled
o-c-017-0004,c-017,2026-04-03,309.17,0.00,3.08,6.18,0.00,USD,fulfilled
o-c-017-0005,c-017,2026-04-17,169.09,0.00,8.11,3.38,0.00,USD,fulfilled
o-c-017-0006,c-017,2026-04-29,59.33,0.00,1.49,1.19,0.00,USD,fulfilled
o-c-017-0007,c-017,2026-04-06,295.58,0.00,9.12,5.91,0.00,USD,cancelled
o-c-017-0008,c-017,2026-04-19,160.58,0.00,2.28,3.21,0.00,USD,fulfilled
o-c-017-0009,c-017,2026-04-25,159.67,0.00,8.98,3.19,0.00,USD,fulfilled
o-c-018-0001,c-018,2026-04-23,419.29,0.00,2.41,8.39,0.00,USD,fulfilled
o-c-018-0002,c-018,2026-04-21,287.28,0.00,8.97,5.75,0.00,USD,fulfilled
o-c-018-0003,c-018,2026-04-03,403.66,0.00,0.75,8.07,58.05,USD,fulfilled
o-c-018-0004,c-018,2026-04-21,146.45,0.00,7.81,2.93,0.00,USD,fulfilled
o-c-018-0005,c-018,2026-04-24,232.81,0.00,6.12,4.66,28.32,USD,fulfilled
o-c-018-0006,c-018,2026-04-21,230.99,0.00,2.22,4.62,0.00,USD,fulfilled
o-c-018-0007,c-018,2026-04-28,228.47,0.00,1.05,4.57,0.00,USD,fulfilled
o-c-018-0008,c-018,2026-04-19,360.53,0.00,0.46,7.21,0.00,USD,fulfilled
o-c-018-0009,c-018,2026-04-03,32.84,0.00,11.36,0.66,3.01,USD,fulfilled
o-c-019-0001,c-019,2026-04-12,400.01,0.00,12.01,8.00,0.00,EUR,fulfilled
o-c-019-0002,c-019,2026-04-24,311.33,0.00,7.65,6.23,35.09,EUR,fulfilled
o-c-019-0003,c-019,2026-04-02,410.51,363.10,1.88,8.21,0.00,EUR,fulfilled
o-c-019-0004,c-019,2026-04-11,219.30,0.00,5.66,4.39,0.00,EUR,fulfilled
o-c-019-0005,c-019,2026-04-26,305.07,0.00,2.11,6.10,0.00,EUR,fulfilled
o-c-019-0006,c-019,2026-04-15,161.38,0.00,7.84,3.23,0.00,EUR,cancelled
o-c-019-0007,c-019,2026-04-06,44.19,0.00,9.31,0.88,0.00,EUR,fulfilled
o-c-019-0008,c-019,2026-04-18,367.53,0.00,0.64,7.35,44.35,EUR,fulfilled
o-c-019-0009,c-019,2026-04-15,408.58,0.00,3.02,8.17,0.00,EUR,fulfilled
o-c-019-0010,c-019,2026-04-13,212.07,0.00,11.01,4.24,13.42,EUR,fulfilled
o-c-019-0011,c-019,2026-04-09,168.42,0.00,3.22,3.37,14.35,EUR,fulfilled
o-c-019-0012,c-019,2026-04-17,325.58,0.00,8.93,6.51,31.56,EUR,fulfilled
o-c-019-0013,c-019,2026-04-22,148.69,0.00,8.99,2.97,0.00,EUR,fulfilled
o-c-019-0014,c-019,2026-04-15,218.87,0.00,3.11,4.38,0.00,EUR,fulfilled
o-c-020-0001,c-020,2026-04-08,314.25,0.00,6.18,6.29,0.00,USD,fulfilled
o-c-020-0002,c-020,2026-04-09,21.75,0.00,1.58,0.44,0.00,USD,fulfilled
o-c-020-0003,c-020,2026-04-16,172.90,0.00,11.16,3.46,19.55,USD,fulfilled
o-c-020-0004,c-020,2026-04-18,363.01,0.00,8.52,7.26,0.00,USD,fulfilled
o-c-020-0005,c-020,2026-04-16,315.46,0.00,8.74,6.31,36.85,USD,fulfilled
o-c-020-0006,c-020,2026-04-15,137.97,0.00,11.02,2.76,0.00,USD,fulfilled
o-c-020-0007,c-020,2026-04-21,45.56,0.00,4.24,0.91,0.00,USD,fulfilled
o-c-020-0008,c-020,2026-04-12,397.14,0.00,2.78,7.94,0.00,USD,fulfilled
o-c-021-0001,c-021,2026-04-16,146.76,0.00,10.59,2.94,0.00,USD,fulfilled
o-c-021-0002,c-021,2026-04-18,68.83,0.00,3.44,1.38,0.00,USD,fulfilled
o-c-021-0003,c-021,2026-04-08,124.21,0.00,3.67,2.48,0.00,USD,fulfilled
o-c-021-0004,c-021,2026-04-02,340.54,0.00,0.31,6.81,0.00,USD,fulfilled
o-c-021-0005,c-021,2026-04-22,191.52,0.00,9.65,3.83,12.86,USD,fulfilled
o-c-021-0006,c-021,2026-04-15,403.38,0.00,8.26,8.07,0.00,USD,cancelled
o-c-021-0007,c-021,2026-04-16,222.80,0.00,11.70,4.46,0.00,USD,fulfilled
o-c-021-0008,c-021,2026-04-07,134.15,121.05,3.28,2.68,0.00,USD,fulfilled
o-c-021-0009,c-021,2026-04-16,397.35,0.00,5.43,7.95,0.00,USD,fulfilled
o-c-021-0010,c-021,2026-04-20,261.77,0.00,0.18,5.24,0.00,USD,fulfilled
o-c-021-0011,c-021,2026-04-27,292.04,0.00,11.40,5.84,0.00,USD,pending
o-c-021-0012,c-021,2026-04-12,54.41,0.00,9.93,1.09,0.00,USD,fulfilled
o-c-021-0013,c-021,2026-04-17,34.99,0.00,12.12,0.70,0.00,USD,fulfilled
o-c-021-0014,c-021,2026-04-13,373.46,0.00,6.38,7.47,0.00,USD,fulfilled
o-c-021-0015,c-021,2026-04-08,298.00,0.00,7.93,5.96,36.72,USD,fulfilled
o-c-021-0016,c-021,2026-04-08,318.18,0.00,1.99,6.36,0.00,USD,fulfilled
o-c-021-0017,c-021,2026-04-23,327.08,246.71,2.07,6.54,37.64,USD,fulfilled
o-c-021-0018,c-021,2026-04-14,320.30,0.00,7.64,6.41,24.77,USD,fulfilled
o-c-021-0019,c-021,2026-04-11,80.62,0.00,10.19,1.61,0.00,USD,fulfilled
o-c-021-0020,c-021,2026-04-23,388.37,0.00,2.82,7.77,0.00,USD,fulfilled
o-c-021-0021,c-021,2026-04-21,244.50,0.00,1.10,4.89,0.00,USD,fulfilled
o-c-021-0022,c-021,2026-04-14,266.98,0.00,10.43,5.34,0.00,USD,fulfilled
o-c-021-0023,c-021,2026-04-05,68.44,0.00,10.79,1.37,7.05,USD,fulfilled
o-c-021-0024,c-021,2026-04-13,324.06,0.00,9.39,6.48,0.00,USD,fulfilled
o-c-021-0025,c-021,2026-04-20,302.84,0.00,10.57,6.06,0.00,USD,fulfilled
o-c-021-0026,c-021,2026-04-29,93.95,0.00,0.01,1.88,0.00,USD,fulfilled
o-c-021-0027,c-021,2026-04-28,268.32,0.00,11.26,5.37,0.00,USD,fulfilled
o-c-022-0001,c-022,2026-04-03,321.88,0.00,1.72,6.44,0.00,GBP,fulfilled
o-c-022-0002,c-022,2026-04-14,130.84,0.00,3.87,2.62,0.00,GBP,fulfilled
o-c-022-0003,c-022,2026-04-17,349.07,0.00,4.17,6.98,40.62,GBP,fulfilled
o-c-022-0004,c-022,2026-04-12,60.69,0.00,3.27,1.21,0.00,GBP,cancelled
o-c-022-0005,c-022,2026-04-19,183.15,0.00,10.99,3.66,26.28,GBP,fulfilled
o-c-022-0006,c-022,2026-04-08,164.62,0.00,3.22,3.29,0.00,GBP,fulfilled
o-c-022-0007,c-022,2026-04-04,83.75,0.00,2.19,1.68,0.00,GBP,fulfilled
o-c-022-0008,c-022,2026-04-25,22.65,0.00,0.91,0.45,0.00,GBP,fulfilled
o-c-022-0009,c-022,2026-04-16,341.40,0.00,2.52,6.83,0.00,GBP,fulfilled
o-c-022-0010,c-022,2026-04-24,45.57,0.00,3.59,0.91,0.00,GBP,fulfilled
o-c-022-0011,c-022,2026-04-05,389.33,0.00,0.54,7.79,0.00,GBP,fulfilled
o-c-022-0012,c-022,2026-04-13,400.75,0.00,8.34,8.02,0.00,GBP,fulfilled
o-c-022-0013,c-022,2026-04-01,141.85,0.00,1.52,2.84,0.00,GBP,fulfilled
o-c-022-0014,c-022,2026-04-02,277.99,0.00,3.48,5.56,29.65,GBP,fulfilled
o-c-022-0015,c-022,2026-04-22,211.29,0.00,3.50,4.23,24.51,GBP,fulfilled
o-c-022-0016,c-022,2026-04-08,169.31,0.00,12.35,3.39,9.30,GBP,fulfilled
o-c-023-0001,c-023,2026-04-12,71.57,0.00,2.72,1.43,0.00,USD,fulfilled
o-c-023-0002,c-023,2026-04-01,192.32,0.00,2.87,3.85,0.00,USD,fulfilled
o-c-023-0003,c-023,2026-04-20,278.72,0.00,10.71,5.57,0.00,USD,fulfilled
o-c-023-0004,c-023,2026-04-09,366.73,0.00,6.68,7.33,0.00,USD,fulfilled
o-c-023-0005,c-023,2026-04-21,228.13,0.00,12.25,4.56,0.00,USD,fulfilled
o-c-023-0006,c-023,2026-04-28,126.92,0.00,8.80,2.54,18.31,USD,fulfilled
o-c-023-0007,c-023,2026-04-28,392.02,169.24,5.90,7.84,0.00,USD,fulfilled
o-c-023-0008,c-023,2026-04-14,93.37,0.00,6.90,1.87,0.00,USD,fulfilled
o-c-023-0009,c-023,2026-04-15,345.19,0.00,8.15,6.90,0.00,USD,fulfilled
o-c-023-0010,c-023,2026-04-08,145.90,78.13,6.83,2.92,0.00,USD,fulfilled
o-c-023-0011,c-023,2026-04-24,109.51,0.00,5.57,2.19,0.00,USD,fulfilled
o-c-023-0012,c-023,2026-04-29,234.68,0.00,7.02,4.69,0.00,USD,fulfilled
o-c-023-0013,c-023,2026-04-25,148.38,0.00,3.77,2.97,0.00,USD,fulfilled
o-c-024-0001,c-024,2026-04-17,263.79,0.00,10.09,5.28,0.00,CAD,fulfilled
o-c-024-0002,c-024,2026-04-22,210.50,0.00,3.53,4.21,0.00,CAD,fulfilled
o-c-024-0003,c-024,2026-04-21,25.24,0.00,4.46,0.50,0.00,CAD,fulfilled
o-c-024-0004,c-024,2026-04-06,330.18,0.00,2.22,6.60,18.55,CAD,fulfilled
o-c-024-0005,c-024,2026-04-11,294.33,0.00,12.02,5.89,0.00,CAD,fulfilled
o-c-024-0006,c-024,2026-04-23,45.92,0.00,10.44,0.92,0.00,CAD,fulfilled
o-c-024-0007,c-024,2026-04-12,260.53,0.00,7.61,5.21,0.00,CAD,fulfilled
o-c-024-0008,c-024,2026-04-28,321.51,0.00,9.94,6.43,0.00,CAD,fulfilled
o-c-024-0009,c-024,2026-04-01,379.24,0.00,1.38,7.58,0.00,CAD,fulfilled
o-c-024-0010,c-024,2026-04-29,414.22,0.00,10.76,8.28,0.00,CAD,fulfilled
o-c-024-0011,c-024,2026-04-17,410.95,0.00,4.98,8.22,0.00,CAD,fulfilled
o-c-024-0012,c-024,2026-04-12,81.86,0.00,2.68,1.64,0.00,CAD,fulfilled
o-c-024-0013,c-024,2026-04-29,105.24,0.00,7.49,2.10,6.78,CAD,fulfilled
o-c-024-0014,c-024,2026-04-26,210.30,0.00,0.64,4.21,0.00,CAD,fulfilled
o-c-024-0015,c-024,2026-04-06,355.72,0.00,2.14,7.11,25.31,CAD,pending
o-c-024-0016,c-024,2026-04-21,259.66,0.00,9.21,5.19,0.00,CAD,fulfilled
o-c-024-0017,c-024,2026-04-11,76.47,0.00,6.92,1.53,0.00,CAD,fulfilled
o-c-024-0018,c-024,2026-04-15,289.80,0.00,1.59,5.80,0.00,CAD,fulfilled
o-c-024-0019,c-024,2026-04-05,333.52,0.00,4.61,6.67,0.00,CAD,pending
o-c-024-0020,c-024,2026-04-05,58.37,0.00,12.29,1.17,0.00,CAD,fulfilled
o-c-024-0021,c-024,2026-04-07,198.67,0.00,7.53,3.97,0.00,CAD,fulfilled
o-c-024-0022,c-024,2026-04-02,279.83,0.00,4.77,5.60,0.00,CAD,fulfilled
o-c-024-0023,c-024,2026-04-04,58.89,0.00,10.99,1.18,0.00,CAD,fulfilled
o-c-024-0024,c-024,2026-04-26,174.44,0.00,5.45,3.49,0.00,CAD,fulfilled
o-c-024-0025,c-024,2026-04-23,322.79,0.00,10.15,6.46,0.00,CAD,fulfilled
o-c-025-0001,c-025,2026-04-11,62.13,0.00,3.56,1.24,0.00,USD,fulfilled
o-c-025-0002,c-025,2026-04-26,232.75,0.00,4.27,4.66,0.00,USD,fulfilled
o-c-025-0003,c-025,2026-04-29,37.61,0.00,2.89,0.75,0.00,USD,fulfilled
o-c-025-0004,c-025,2026-04-02,408.91,0.00,10.69,8.18,52.24,USD,fulfilled
o-c-025-0005,c-025,2026-04-08,139.94,0.00,3.33,2.80,0.00,USD,cancelled
o-c-025-0006,c-025,2026-04-04,406.01,344.54,10.66,8.12,23.90,USD,fulfilled
o-c-025-0007,c-025,2026-04-05,22.53,0.00,3.06,0.45,0.00,USD,fulfilled
o-c-025-0008,c-025,2026-04-12,254.06,0.00,7.90,5.08,0.00,USD,fulfilled
o-c-025-0009,c-025,2026-04-09,150.99,0.00,0.28,3.02,0.00,USD,fulfilled
o-c-025-0010,c-025,2026-04-06,379.93,372.61,5.32,7.60,0.00,USD,fulfilled
o-c-025-0011,c-025,2026-04-04,175.50,0.00,4.33,3.51,0.00,USD,fulfilled
o-c-025-0012,c-025,2026-04-17,183.69,0.00,4.23,3.67,0.00,USD,fulfilled
o-c-025-0013,c-025,2026-04-06,94.38,0.00,10.01,1.89,0.00,USD,fulfilled
o-c-025-0014,c-025,2026-04-16,219.78,0.00,0.40,4.40,0.00,USD,fulfilled
o-c-025-0015,c-025,2026-04-03,117.31,0.00,3.22,2.35,0.00,USD,fulfilled
o-c-026-0001,c-026,2026-04-17,145.73,0.00,9.63,2.91,0.00,USD,fulfilled
o-c-026-0002,c-026,2026-04-14,288.04,0.00,3.11,5.76,0.00,USD,fulfilled
o-c-026-0003,c-026,2026-04-26,85.90,0.00,1.23,1.72,0.00,USD,fulfilled
o-c-026-0004,c-026,2026-04-27,169.09,0.00,1.14,3.38,0.00,USD,fulfilled
o-c-026-0005,c-026,2026-04-18,154.04,0.00,3.22,3.08,0.00,USD,fulfilled
o-c-026-0006,c-026,2026-04-05,245.98,0.00,7.80,4.92,0.00,USD,fulfilled
o-c-026-0007,c-026,2026-04-27,294.23,0.00,9.30,5.88,0.00,USD,cancelled
o-c-026-0008,c-026,2026-04-15,74.62,0.00,1.54,1.49,0.00,USD,pending
o-c-026-0009,c-026,2026-04-27,186.82,0.00,9.43,3.74,0.00,USD,fulfilled
o-c-026-0010,c-026,2026-04-29,95.73,0.00,0.85,1.91,0.00,USD,fulfilled
o-c-026-0011,c-026,2026-04-25,296.07,0.00,3.65,5.92,0.00,USD,cancelled
o-c-026-0012,c-026,2026-04-03,207.14,0.00,7.19,4.14,0.00,USD,fulfilled
o-c-026-0013,c-026,2026-04-14,56.76,0.00,9.75,1.14,0.00,USD,fulfilled
o-c-026-0014,c-026,2026-04-19,337.48,185.88,11.74,6.75,0.00,USD,fulfilled
o-c-026-0015,c-026,2026-04-15,20.48,0.00,1.40,0.41,0.00,USD,fulfilled
o-c-026-0016,c-026,2026-04-25,135.39,0.00,10.56,2.71,0.00,USD,fulfilled
o-c-027-0001,c-027,2026-04-07,182.92,0.00,11.84,3.66,0.00,USD,fulfilled
o-c-027-0002,c-027,2026-04-12,340.05,0.00,5.60,6.80,0.00,USD,fulfilled
o-c-027-0003,c-027,2026-04-15,92.27,0.00,10.01,1.85,0.00,USD,pending
o-c-027-0004,c-027,2026-04-07,71.23,0.00,8.63,1.42,0.00,USD,fulfilled
o-c-027-0005,c-027,2026-04-14,295.40,0.00,5.33,5.91,0.00,USD,fulfilled
o-c-027-0006,c-027,2026-04-05,71.46,0.00,0.47,1.43,0.00,USD,fulfilled
o-c-027-0007,c-027,2026-04-18,371.68,0.00,12.11,7.43,0.00,USD,fulfilled
o-c-027-0008,c-027,2026-04-01,164.16,0.00,6.42,3.28,0.00,USD,fulfilled
o-c-027-0009,c-027,2026-04-17,91.09,0.00,5.15,1.82,0.00,USD,fulfilled
o-c-027-0010,c-027,2026-04-04,75.49,0.00,11.20,1.51,0.00,USD,fulfilled
o-c-027-0011,c-027,2026-04-29,131.25,0.00,3.19,2.63,8.17,USD,fulfilled
o-c-027-0012,c-027,2026-04-20,97.64,0.00,10.60,1.95,0.00,USD,fulfilled
o-c-027-0013,c-027,2026-04-10,58.29,0.00,5.90,1.17,3.82,USD,fulfilled
o-c-027-0014,c-027,2026-04-08,102.33,0.00,4.29,2.05,13.31,USD,fulfilled
o-c-027-0015,c-027,2026-04-20,238.22,0.00,7.44,4.76,0.00,USD,fulfilled
o-c-028-0001,c-028,2026-04-12,32.08,0.00,3.47,0.64,0.00,USD,fulfilled
o-c-028-0002,c-028,2026-04-06,206.48,0.00,6.59,4.13,0.00,USD,fulfilled
o-c-028-0003,c-028,2026-04-20,159.77,0.00,4.57,3.20,0.00,USD,fulfilled
o-c-028-0004,c-028,2026-04-09,37.72,0.00,2.45,0.75,3.89,USD,fulfilled
o-c-028-0005,c-028,2026-04-07,354.26,0.00,8.94,7.09,46.20,USD,fulfilled
o-c-028-0006,c-028,2026-04-24,333.95,0.00,4.62,6.68,0.00,USD,fulfilled
o-c-028-0007,c-028,2026-04-12,224.30,219.61,7.08,4.49,18.07,USD,fulfilled
o-c-028-0008,c-028,2026-04-05,368.34,0.00,2.26,7.37,0.00,USD,fulfilled
o-c-028-0009,c-028,2026-04-27,197.51,0.00,4.99,3.95,0.00,USD,fulfilled
o-c-028-0010,c-028,2026-04-21,177.14,0.00,10.51,3.54,0.00,USD,fulfilled
o-c-028-0011,c-028,2026-04-07,304.34,0.00,6.90,6.09,24.22,USD,fulfilled
o-c-028-0012,c-028,2026-04-23,22.57,0.00,10.88,0.45,0.00,USD,fulfilled
o-c-028-0013,c-028,2026-04-13,90.22,0.00,1.36,1.80,0.00,USD,cancelled
o-c-028-0014,c-028,2026-04-03,52.63,0.00,11.51,1.05,0.00,USD,fulfilled
o-c-028-0015,c-028,2026-04-07,372.05,0.00,7.67,7.44,0.00,USD,fulfilled
o-c-028-0016,c-028,2026-04-11,188.72,0.00,5.32,3.77,0.00,USD,fulfilled
o-c-028-0017,c-028,2026-04-26,204.38,0.00,11.45,4.09,0.00,USD,cancelled
o-c-028-0018,c-028,2026-04-01,245.63,0.00,10.37,4.91,0.00,USD,fulfilled
o-c-028-0019,c-028,2026-04-10,51.85,0.00,8.83,1.04,0.00,USD,fulfilled
o-c-028-0020,c-028,2026-04-28,332.79,0.00,10.38,6.66,0.00,USD,fulfilled
o-c-028-0021,c-028,2026-04-02,244.58,0.00,4.30,4.89,0.00,USD,cancelled
o-c-028-0022,c-028,2026-04-23,341.09,0.00,5.01,6.82,0.00,USD,fulfilled
o-c-028-0023,c-028,2026-04-13,380.47,0.00,6.04,7.61,29.35,USD,fulfilled
o-c-028-0024,c-028,2026-04-10,230.74,0.00,8.85,4.61,0.00,USD,fulfilled
o-c-028-0025,c-028,2026-04-15,20.83,0.00,11.40,0.42,0.00,USD,cancelled
o-c-028-0026,c-028,2026-04-07,187.51,0.00,9.98,3.75,0.00,USD,fulfilled
o-c-028-0027,c-028,2026-04-08,216.12,0.00,8.35,4.32,0.00,USD,fulfilled
o-c-028-0028,c-028,2026-04-01,360.81,0.00,6.72,7.22,0.00,USD,fulfilled
o-c-029-0001,c-029,2026-04-29,125.40,0.00,0.60,2.51,0.00,EUR,fulfilled
o-c-029-0002,c-029,2026-04-09,372.53,0.00,11.12,7.45,0.00,EUR,fulfilled
o-c-029-0003,c-029,2026-04-19,166.57,0.00,4.31,3.33,0.00,EUR,fulfilled
o-c-029-0004,c-029,2026-04-27,219.07,0.00,4.98,4.38,0.00,EUR,cancelled
o-c-029-0005,c-029,2026-04-20,21.49,0.00,0.80,0.43,0.00,EUR,fulfilled
o-c-029-0006,c-029,2026-04-16,175.62,0.00,4.48,3.51,20.41,EUR,fulfilled
o-c-029-0007,c-029,2026-04-23,182.11,0.00,3.61,3.64,0.00,EUR,pending
o-c-029-0008,c-029,2026-04-28,139.75,0.00,8.25,2.80,0.00,EUR,fulfilled
o-c-029-0009,c-029,2026-04-04,231.53,111.92,3.64,4.63,0.00,EUR,fulfilled
o-c-029-0010,c-029,2026-04-21,89.50,0.00,5.30,1.79,0.00,EUR,fulfilled
o-c-029-0011,c-029,2026-04-25,410.32,0.00,7.56,8.21,0.00,EUR,pending
o-c-029-0012,c-029,2026-04-10,191.81,0.00,9.48,3.84,0.00,EUR,fulfilled
o-c-029-0013,c-029,2026-04-23,230.50,0.00,4.11,4.61,0.00,EUR,fulfilled
o-c-029-0014,c-029,2026-04-21,291.30,0.00,4.59,5.83,0.00,EUR,fulfilled
o-c-029-0015,c-029,2026-04-05,377.78,0.00,3.44,7.56,0.00,EUR,fulfilled
o-c-029-0016,c-029,2026-04-29,134.39,81.49,2.51,2.69,0.00,EUR,fulfilled
o-c-029-0017,c-029,2026-04-13,56.61,0.00,5.87,1.13,0.00,EUR,fulfilled
o-c-029-0018,c-029,2026-04-17,272.51,0.00,6.84,5.45,0.00,EUR,fulfilled
o-c-029-0019,c-029,2026-04-25,201.21,0.00,0.53,4.02,19.75,EUR,fulfilled
o-c-029-0020,c-029,2026-04-18,242.44,0.00,2.01,4.85,0.00,EUR,fulfilled
o-c-029-0021,c-029,2026-04-06,171.74,0.00,6.96,3.43,11.54,EUR,fulfilled
o-c-029-0022,c-029,2026-04-28,189.67,0.00,1.23,3.79,0.00,EUR,fulfilled
o-c-029-0023,c-029,2026-04-24,372.84,214.64,2.20,7.46,0.00,EUR,fulfilled
o-c-029-0024,c-029,2026-04-12,66.45,0.00,10.32,1.33,0.00,EUR,fulfilled
o-c-029-0025,c-029,2026-04-10,64.13,57.30,11.20,1.28,0.00,EUR,fulfilled
o-c-029-0026,c-029,2026-04-21,161.09,0.00,3.03,3.22,0.00,EUR,fulfilled
o-c-029-0027,c-029,2026-04-03,172.98,0.00,3.07,3.46,0.00,EUR,fulfilled
o-c-029-0028,c-029,2026-04-09,223.10,0.00,3.54,4.46,21.84,EUR,fulfilled
o-c-029-0029,c-029,2026-04-14,102.96,0.00,1.77,2.06,0.00,EUR,fulfilled
o-c-029-0030,c-029,2026-04-09,84.46,0.00,1.40,1.69,0.00,EUR,fulfilled
o-c-029-0031,c-029,2026-04-03,416.12,0.00,3.88,8.32,0.00,EUR,fulfilled
o-c-030-0001,c-030,2026-04-03,384.06,0.00,11.07,7.68,0.00,USD,fulfilled
o-c-030-0002,c-030,2026-04-27,267.19,0.00,2.74,5.34,0.00,USD,fulfilled
o-c-030-0003,c-030,2026-04-25,55.95,0.00,6.54,1.12,0.00,USD,fulfilled
o-c-030-0004,c-030,2026-04-15,122.98,0.00,7.07,2.46,16.29,USD,fulfilled
o-c-030-0005,c-030,2026-04-20,339.04,0.00,8.53,6.78,0.00,USD,pending
o-c-030-0006,c-030,2026-04-24,169.27,0.00,1.57,3.39,0.00,USD,pending
o-c-030-0007,c-030,2026-04-12,306.83,0.00,4.56,6.14,0.00,USD,fulfilled
o-c-030-0008,c-030,2026-04-11,278.95,0.00,3.02,5.58,0.00,USD,fulfilled
o-c-030-0009,c-030,2026-04-09,358.17,0.00,5.36,7.16,0.00,USD,fulfilled
o-c-030-0010,c-030,2026-04-15,269.68,0.00,0.46,5.39,0.00,USD,fulfilled
o-c-030-0011,c-030,2026-04-05,402.11,0.00,1.63,8.04,0.00,USD,fulfilled
o-c-031-0001,c-031,2026-04-03,326.22,0.00,2.47,6.52,37.75,USD,pending
o-c-031-0002,c-031,2026-04-05,352.83,0.00,4.56,7.06,19.97,USD,fulfilled
o-c-031-0003,c-031,2026-04-24,134.31,0.00,11.57,2.69,0.00,USD,fulfilled
o-c-031-0004,c-031,2026-04-27,100.54,0.00,0.29,2.01,0.00,USD,fulfilled
o-c-031-0005,c-031,2026-04-08,165.31,0.00,1.76,3.31,0.00,USD,fulfilled
o-c-031-0006,c-031,2026-04-20,187.73,0.00,5.71,3.75,0.00,USD,fulfilled
o-c-031-0007,c-031,2026-04-12,404.68,0.00,7.64,8.09,0.00,USD,fulfilled
o-c-031-0008,c-031,2026-04-25,206.87,0.00,2.28,4.14,0.00,USD,fulfilled
o-c-031-0009,c-031,2026-04-27,223.17,0.00,2.09,4.46,31.10,USD,fulfilled
o-c-031-0010,c-031,2026-04-29,168.88,0.00,3.93,3.38,0.00,USD,fulfilled
o-c-031-0011,c-031,2026-04-24,185.41,0.00,3.72,3.71,0.00,USD,fulfilled
o-c-031-0012,c-031,2026-04-09,415.11,0.00,5.93,8.30,0.00,USD,fulfilled
o-c-031-0013,c-031,2026-04-27,374.43,0.00,8.88,7.49,0.00,USD,fulfilled
o-c-031-0014,c-031,2026-04-12,93.85,0.00,10.04,1.88,10.76,USD,fulfilled
o-c-031-0015,c-031,2026-04-02,215.90,0.00,5.26,4.32,0.00,USD,fulfilled
o-c-031-0016,c-031,2026-04-08,293.48,0.00,11.90,5.87,0.00,USD,fulfilled
o-c-031-0017,c-031,2026-04-02,216.09,0.00,1.02,4.32,0.00,USD,fulfilled
o-c-031-0018,c-031,2026-04-17,410.47,0.00,5.26,8.21,59.53,USD,fulfilled
o-c-031-0019,c-031,2026-04-02,128.67,0.00,9.00,2.57,0.00,USD,fulfilled
o-c-031-0020,c-031,2026-04-29,260.47,0.00,5.00,5.21,14.98,USD,fulfilled
o-c-031-0021,c-031,2026-04-24,50.33,0.00,2.18,1.01,0.00,USD,fulfilled
o-c-032-0001,c-032,2026-04-14,75.93,0.00,10.99,1.52,0.00,GBP,fulfilled
o-c-032-0002,c-032,2026-04-23,247.01,0.00,9.08,4.94,0.00,GBP,pending
o-c-032-0003,c-032,2026-04-03,172.34,0.00,11.30,3.45,0.00,GBP,cancelled
o-c-032-0004,c-032,2026-04-20,254.80,0.00,1.45,5.10,0.00,GBP,fulfilled
o-c-032-0005,c-032,2026-04-26,226.56,0.00,6.33,4.53,0.00,GBP,cancelled
o-c-032-0006,c-032,2026-04-24,318.57,0.00,6.70,6.37,0.00,GBP,fulfilled
o-c-032-0007,c-032,2026-04-21,162.74,0.00,7.97,3.25,12.81,GBP,fulfilled
o-c-032-0008,c-032,2026-04-24,179.68,0.00,4.36,3.59,12.52,GBP,fulfilled
o-c-032-0009,c-032,2026-04-11,401.73,0.00,4.37,8.03,0.00,GBP,fulfilled
o-c-032-0010,c-032,2026-04-17,385.18,0.00,12.39,7.70,41.77,GBP,fulfilled
o-c-032-0011,c-032,2026-04-01,252.60,0.00,4.76,5.05,0.00,GBP,fulfilled
o-c-032-0012,c-032,2026-04-05,250.00,0.00,6.65,5.00,0.00,GBP,fulfilled
o-c-032-0013,c-032,2026-04-10,83.87,0.00,8.75,1.68,0.00,GBP,fulfilled
o-c-032-0014,c-032,2026-04-13,408.18,0.00,10.15,8.16,0.00,GBP,fulfilled
o-c-033-0001,c-033,2026-04-24,22.04,0.00,11.37,0.44,0.00,USD,fulfilled
o-c-033-0002,c-033,2026-04-02,19.24,0.00,0.81,0.38,0.00,USD,fulfilled
o-c-033-0003,c-033,2026-04-17,272.36,0.00,2.71,5.45,0.00,USD,fulfilled
o-c-033-0004,c-033,2026-04-05,340.55,0.00,5.19,6.81,0.00,USD,fulfilled
o-c-033-0005,c-033,2026-04-05,52.16,0.00,6.08,1.04,0.00,USD,fulfilled
o-c-033-0006,c-033,2026-04-28,320.17,0.00,2.01,6.40,19.97,USD,fulfilled
o-c-033-0007,c-033,2026-04-07,154.93,88.57,11.70,3.10,0.00,USD,fulfilled
o-c-033-0008,c-033,2026-04-24,350.33,103.71,8.51,7.01,0.00,USD,fulfilled
o-c-033-0009,c-033,2026-04-17,230.63,0.00,9.77,4.61,29.95,USD,fulfilled
o-c-033-0010,c-033,2026-04-05,390.54,0.00,1.38,7.81,0.00,USD,fulfilled
o-c-033-0011,c-033,2026-04-22,64.19,0.00,3.69,1.28,0.00,USD,fulfilled
o-c-033-0012,c-033,2026-04-28,273.34,0.00,1.24,5.47,0.00,USD,fulfilled
o-c-033-0013,c-033,2026-04-21,390.10,0.00,7.18,7.80,0.00,USD,fulfilled
o-c-033-0014,c-033,2026-04-25,275.54,0.00,2.09,5.51,0.00,USD,fulfilled
o-c-033-0015,c-033,2026-04-10,352.36,0.00,4.24,7.05,0.00,USD,fulfilled
o-c-033-0016,c-033,2026-04-11,406.22,0.00,0.46,8.12,0.00,USD,fulfilled
o-c-034-0001,c-034,2026-04-15,278.85,0.00,10.38,5.58,36.49,CAD,fulfilled
o-c-034-0002,c-034,2026-04-25,309.92,0.00,6.54,6.20,0.00,CAD,fulfilled
o-c-034-0003,c-034,2026-04-03,358.51,0.00,12.12,7.17,0.00,CAD,fulfilled
o-c-034-0004,c-034,2026-04-15,214.37,0.00,6.43,4.29,0.00,CAD,fulfilled
o-c-034-0005,c-034,2026-04-23,88.84,0.00,5.72,1.78,0.00,CAD,fulfilled
o-c-034-0006,c-034,2026-04-16,406.94,0.00,7.14,8.14,0.00,CAD,cancelled
o-c-034-0007,c-034,2026-04-03,131.33,0.00,3.50,2.63,0.00,CAD,fulfilled
o-c-034-0008,c-034,2026-04-26,137.26,0.00,11.68,2.75,0.00,CAD,fulfilled
o-c-034-0009,c-034,2026-04-27,227.10,0.00,3.61,4.54,0.00,CAD,fulfilled
o-c-034-0010,c-034,2026-04-03,306.22,0.00,2.48,6.12,0.00,CAD,fulfilled
o-c-034-0011,c-034,2026-04-20,364.43,0.00,2.59,7.29,0.00,CAD,fulfilled
o-c-035-0001,c-035,2026-04-13,354.42,0.00,7.71,7.09,0.00,USD,fulfilled
o-c-035-0002,c-035,2026-04-28,398.26,0.00,11.56,7.97,0.00,USD,fulfilled
o-c-035-0003,c-035,2026-04-12,166.20,0.00,4.47,3.32,0.00,USD,fulfilled
o-c-035-0004,c-035,2026-04-04,101.46,0.00,5.39,2.03,9.63,USD,fulfilled
o-c-035-0005,c-035,2026-04-02,352.59,0.00,2.68,7.05,0.00,USD,fulfilled
o-c-035-0006,c-035,2026-04-13,240.97,0.00,12.04,4.82,0.00,USD,fulfilled
o-c-035-0007,c-035,2026-04-22,248.30,0.00,0.95,4.97,29.10,USD,fulfilled
o-c-035-0008,c-035,2026-04-24,382.76,0.00,4.77,7.66,0.00,USD,fulfilled
o-c-035-0009,c-035,2026-04-15,61.11,0.00,5.66,1.22,9.06,USD,fulfilled
o-c-035-0010,c-035,2026-04-21,81.53,0.00,4.77,1.63,4.63,USD,fulfilled
o-c-035-0011,c-035,2026-04-17,147.76,0.00,8.94,2.96,0.00,USD,fulfilled
o-c-035-0012,c-035,2026-04-12,244.20,0.00,9.17,4.88,28.05,USD,cancelled
o-c-036-0001,c-036,2026-04-21,134.15,0.00,2.62,2.68,0.00,USD,fulfilled
o-c-036-0002,c-036,2026-04-05,362.90,0.00,6.01,7.26,0.00,USD,fulfilled
o-c-036-0003,c-036,2026-04-14,328.43,0.00,10.00,6.57,0.00,USD,fulfilled
o-c-036-0004,c-036,2026-04-08,72.83,0.00,9.06,1.46,0.00,USD,fulfilled
o-c-036-0005,c-036,2026-04-11,396.54,0.00,11.91,7.93,0.00,USD,fulfilled
o-c-036-0006,c-036,2026-04-15,153.42,0.00,6.45,3.07,0.00,USD,fulfilled
o-c-036-0007,c-036,2026-04-02,347.21,0.00,5.23,6.94,0.00,USD,fulfilled
o-c-036-0008,c-036,2026-04-24,280.57,89.10,9.48,5.61,0.00,USD,fulfilled
o-c-036-0009,c-036,2026-04-21,88.74,0.00,2.08,1.77,8.43,USD,fulfilled
o-c-036-0010,c-036,2026-04-12,143.54,0.00,1.40,2.87,0.00,USD,fulfilled
o-c-036-0011,c-036,2026-04-20,415.69,0.00,10.68,8.31,0.00,USD,fulfilled
o-c-036-0012,c-036,2026-04-18,304.83,0.00,8.00,6.10,0.00,USD,fulfilled
o-c-036-0013,c-036,2026-04-03,24.94,0.00,10.80,0.50,0.00,USD,fulfilled
o-c-037-0001,c-037,2026-04-29,306.86,0.00,2.25,6.14,0.00,USD,fulfilled
o-c-037-0002,c-037,2026-04-18,123.93,0.00,7.16,2.48,0.00,USD,fulfilled
o-c-037-0003,c-037,2026-04-08,388.69,0.00,0.37,7.77,0.00,USD,fulfilled
o-c-037-0004,c-037,2026-04-16,342.71,0.00,11.02,6.85,0.00,USD,fulfilled
o-c-037-0005,c-037,2026-04-13,306.74,0.00,8.97,6.13,0.00,USD,fulfilled
o-c-037-0006,c-037,2026-04-08,68.79,0.00,1.78,1.38,0.00,USD,fulfilled
o-c-037-0007,c-037,2026-04-01,192.56,0.00,4.49,3.85,0.00,USD,fulfilled
o-c-037-0008,c-037,2026-04-08,223.44,0.00,9.02,4.47,0.00,USD,pending
o-c-037-0009,c-037,2026-04-26,165.89,0.00,10.80,3.32,0.00,USD,cancelled
o-c-037-0010,c-037,2026-04-19,382.63,0.00,10.89,7.65,0.00,USD,fulfilled
o-c-037-0011,c-037,2026-04-29,278.93,0.00,0.85,5.58,0.00,USD,fulfilled
o-c-037-0012,c-037,2026-04-08,303.37,0.00,6.14,6.07,0.00,USD,fulfilled
o-c-037-0013,c-037,2026-04-05,204.92,0.00,0.37,4.10,11.96,USD,fulfilled
o-c-037-0014,c-037,2026-04-09,206.16,0.00,7.97,4.12,0.00,USD,fulfilled
o-c-037-0015,c-037,2026-04-29,173.55,0.00,5.32,3.47,13.37,USD,fulfilled
o-c-037-0016,c-037,2026-04-13,57.22,0.00,9.91,1.14,0.00,USD,fulfilled
o-c-037-0017,c-037,2026-04-11,114.49,0.00,0.33,2.29,0.00,USD,fulfilled
o-c-037-0018,c-037,2026-04-22,296.16,0.00,6.34,5.92,0.00,USD,pending
o-c-037-0019,c-037,2026-04-08,393.65,0.00,5.29,7.87,0.00,USD,fulfilled
o-c-037-0020,c-037,2026-04-28,98.32,0.00,5.49,1.97,0.00,USD,fulfilled
o-c-037-0021,c-037,2026-04-10,308.54,0.00,3.85,6.17,38.86,USD,fulfilled
o-c-037-0022,c-037,2026-04-17,133.54,0.00,5.48,2.67,0.00,USD,fulfilled
o-c-038-0001,c-038,2026-04-06,109.06,0.00,12.45,2.18,0.00,USD,fulfilled
o-c-038-0002,c-038,2026-04-22,250.43,0.00,1.33,5.01,0.00,USD,pending
o-c-038-0003,c-038,2026-04-03,346.60,0.00,4.56,6.93,0.00,USD,fulfilled
o-c-038-0004,c-038,2026-04-13,216.10,0.00,12.33,4.32,31.39,USD,fulfilled
o-c-038-0005,c-038,2026-04-03,39.56,0.00,8.88,0.79,0.00,USD,fulfilled
o-c-038-0006,c-038,2026-04-29,413.18,0.00,6.43,8.26,0.00,USD,fulfilled
o-c-038-0007,c-038,2026-04-05,153.38,0.00,9.29,3.07,0.00,USD,fulfilled
o-c-038-0008,c-038,2026-04-22,359.99,0.00,7.66,7.20,0.00,USD,fulfilled
o-c-038-0009,c-038,2026-04-12,170.75,0.00,3.17,3.42,25.05,USD,fulfilled
o-c-038-0010,c-038,2026-04-19,419.71,0.00,4.83,8.39,0.00,USD,fulfilled
o-c-038-0011,c-038,2026-04-15,251.28,0.00,9.70,5.03,0.00,USD,fulfilled
o-c-038-0012,c-038,2026-04-05,93.85,0.00,5.60,1.88,9.83,USD,fulfilled
o-c-038-0013,c-038,2026-04-15,231.80,0.00,8.56,4.64,0.00,USD,fulfilled
o-c-039-0001,c-039,2026-04-28,182.83,0.00,9.01,3.66,12.19,USD,fulfilled
o-c-039-0002,c-039,2026-04-03,229.57,0.00,1.38,4.59,0.00,USD,fulfilled
o-c-039-0003,c-039,2026-04-24,135.36,103.17,1.15,2.71,18.81,USD,fulfilled
o-c-039-0004,c-039,2026-04-23,390.75,0.00,5.29,7.82,48.78,USD,fulfilled
o-c-039-0005,c-039,2026-04-06,320.52,0.00,6.58,6.41,0.00,USD,fulfilled
o-c-039-0006,c-039,2026-04-26,28.63,0.00,1.50,0.57,1.86,USD,fulfilled
o-c-039-0007,c-039,2026-04-15,167.46,0.00,5.78,3.35,0.00,USD,fulfilled
o-c-039-0008,c-039,2026-04-12,122.27,0.00,5.44,2.45,0.00,USD,cancelled
o-c-039-0009,c-039,2026-04-11,378.60,0.00,9.88,7.57,0.00,USD,fulfilled
o-c-039-0010,c-039,2026-04-23,25.07,0.00,4.07,0.50,0.00,USD,fulfilled
o-c-039-0011,c-039,2026-04-01,368.27,0.00,0.27,7.37,40.58,USD,fulfilled
o-c-039-0012,c-039,2026-04-21,98.62,0.00,12.17,1.97,0.00,USD,fulfilled
o-c-039-0013,c-039,2026-04-02,141.79,0.00,6.77,2.84,0.00,USD,fulfilled
o-c-039-0014,c-039,2026-04-20,253.09,211.29,8.42,5.06,0.00,USD,fulfilled
o-c-039-0015,c-039,2026-04-07,384.93,0.00,10.18,7.70,0.00,USD,fulfilled
o-c-039-0016,c-039,2026-04-19,254.80,0.00,3.07,5.10,0.00,USD,fulfilled
o-c-039-0017,c-039,2026-04-05,369.86,0.00,8.08,7.40,0.00,USD,fulfilled
o-c-039-0018,c-039,2026-04-15,358.78,331.34,1.94,7.18,0.00,USD,fulfilled
o-c-039-0019,c-039,2026-04-20,111.62,0.00,9.68,2.23,9.79,USD,fulfilled
o-c-039-0020,c-039,2026-04-04,140.91,126.34,0.40,2.82,0.00,USD,fulfilled
o-c-039-0021,c-039,2026-04-04,138.35,0.00,5.29,2.77,0.00,USD,cancelled
o-c-039-0022,c-039,2026-04-02,161.27,0.00,6.49,3.23,0.00,USD,fulfilled
o-c-039-0023,c-039,2026-04-09,282.79,0.00,3.82,5.66,0.00,USD,fulfilled
o-c-039-0024,c-039,2026-04-27,202.58,0.00,9.69,4.05,0.00,USD,fulfilled
o-c-039-0025,c-039,2026-04-25,384.27,0.00,0.46,7.69,0.00,USD,fulfilled
o-c-040-0001,c-040,2026-04-10,194.85,0.00,2.35,3.90,0.00,USD,fulfilled
o-c-040-0002,c-040,2026-04-08,400.40,0.00,10.98,8.01,0.00,USD,fulfilled
o-c-040-0003,c-040,2026-04-12,355.24,0.00,0.26,7.10,0.00,USD,fulfilled
o-c-040-0004,c-040,2026-04-05,136.89,0.00,8.57,2.74,0.00,USD,fulfilled
o-c-040-0005,c-040,2026-04-26,36.12,0.00,11.86,0.72,0.00,USD,fulfilled
o-c-040-0006,c-040,2026-04-10,69.85,0.00,4.52,1.40,0.00,USD,pending
o-c-040-0007,c-040,2026-04-15,201.06,0.00,10.05,4.02,0.00,USD,fulfilled
o-c-040-0008,c-040,2026-04-01,63.15,0.00,3.13,1.26,8.04,USD,fulfilled
o-c-040-0009,c-040,2026-04-05,324.23,0.00,9.23,6.48,0.00,USD,fulfilled
o-c-040-0010,c-040,2026-04-11,387.39,0.00,11.22,7.75,0.00,USD,fulfilled
o-c-040-0011,c-040,2026-04-18,241.97,0.00,7.27,4.84,0.00,USD,cancelled
o-c-040-0012,c-040,2026-04-16,415.73,262.67,0.84,8.31,0.00,USD,fulfilled
o-c-040-0013,c-040,2026-04-14,36.83,0.00,10.38,0.74,2.26,USD,fulfilled
o-c-040-0014,c-040,2026-04-28,409.14,0.00,3.41,8.18,0.00,USD,fulfilled
o-c-040-0015,c-040,2026-04-04,259.55,0.00,6.14,5.19,0.00,USD,fulfilled
o-c-040-0016,c-040,2026-04-09,226.50,0.00,11.71,4.53,0.00,USD,fulfilled
o-c-040-0017,c-040,2026-04-25,391.03,0.00,6.56,7.82,0.00,USD,fulfilled
o-c-040-0018,c-040,2026-04-23,398.76,0.00,10.13,7.98,57.35,USD,fulfilled
o-c-040-0019,c-040,2026-04-09,69.74,0.00,10.04,1.39,0.00,USD,cancelled
o-c-040-0020,c-040,2026-04-11,324.47,0.00,6.14,6.49,0.00,USD,fulfilled
o-c-040-0021,c-040,2026-04-03,206.59,0.00,2.56,4.13,0.00,USD,fulfilled
o-c-041-0001,c-041,2026-04-28,148.01,0.00,1.36,2.96,0.00,USD,fulfilled
o-c-041-0002,c-041,2026-04-14,175.75,0.00,6.14,3.52,0.00,USD,fulfilled
o-c-041-0003,c-041,2026-04-13,210.78,134.37,6.34,4.22,0.00,USD,fulfilled
o-c-041-0004,c-041,2026-04-01,206.02,0.00,5.50,4.12,23.24,USD,fulfilled
o-c-041-0005,c-041,2026-04-25,160.20,0.00,3.06,3.20,0.00,USD,fulfilled
o-c-041-0006,c-041,2026-04-04,124.55,61.00,11.47,2.49,0.00,USD,fulfilled
o-c-041-0007,c-041,2026-04-13,186.92,0.00,4.75,3.74,0.00,USD,fulfilled
o-c-041-0008,c-041,2026-04-02,380.75,0.00,11.33,7.62,0.00,USD,fulfilled
o-c-041-0009,c-041,2026-04-15,186.36,0.00,11.16,3.73,0.00,USD,fulfilled
o-c-041-0010,c-041,2026-04-06,55.43,0.00,5.87,1.11,0.00,USD,fulfilled
o-c-041-0011,c-041,2026-04-08,350.32,0.00,7.03,7.01,0.00,USD,fulfilled
o-c-042-0001,c-042,2026-04-09,297.51,0.00,4.37,5.95,0.00,EUR,fulfilled
o-c-042-0002,c-042,2026-04-16,50.03,0.00,0.94,1.00,0.00,EUR,fulfilled
o-c-042-0003,c-042,2026-04-22,234.33,0.00,4.01,4.69,30.33,EUR,fulfilled
o-c-042-0004,c-042,2026-04-10,350.64,0.00,2.77,7.01,31.90,EUR,fulfilled
o-c-042-0005,c-042,2026-04-22,69.34,0.00,6.36,1.39,0.00,EUR,fulfilled
o-c-042-0006,c-042,2026-04-12,135.65,118.98,0.61,2.71,15.84,EUR,cancelled
o-c-042-0007,c-042,2026-04-22,371.41,0.00,8.30,7.43,0.00,EUR,fulfilled
o-c-042-0008,c-042,2026-04-01,207.20,0.00,7.54,4.14,0.00,EUR,fulfilled
o-c-042-0009,c-042,2026-04-13,115.13,0.00,5.18,2.30,0.00,EUR,fulfilled
o-c-042-0010,c-042,2026-04-23,239.08,0.00,9.53,4.78,0.00,EUR,fulfilled
o-c-042-0011,c-042,2026-04-09,171.41,0.00,11.90,3.43,24.55,EUR,fulfilled
o-c-042-0012,c-042,2026-04-12,127.56,0.00,4.60,2.55,0.00,EUR,fulfilled
o-c-042-0013,c-042,2026-04-15,241.40,0.00,7.71,4.83,12.81,EUR,fulfilled
o-c-042-0014,c-042,2026-04-11,340.65,0.00,0.70,6.81,0.00,EUR,pending
o-c-042-0015,c-042,2026-04-18,70.27,0.00,4.88,1.41,0.00,EUR,fulfilled
o-c-042-0016,c-042,2026-04-26,357.38,0.00,2.41,7.15,0.00,EUR,fulfilled
o-c-042-0017,c-042,2026-04-05,19.65,0.00,2.82,0.39,0.00,EUR,fulfilled
o-c-042-0018,c-042,2026-04-18,183.30,0.00,9.73,3.67,0.00,EUR,fulfilled
o-c-042-0019,c-042,2026-04-09,153.98,0.00,7.89,3.08,0.00,EUR,fulfilled
o-c-042-0020,c-042,2026-04-21,87.53,0.00,5.24,1.75,0.00,EUR,fulfilled
o-c-042-0021,c-042,2026-04-06,332.99,0.00,4.23,6.66,0.00,EUR,fulfilled
o-c-042-0022,c-042,2026-04-07,316.07,0.00,7.33,6.32,0.00,EUR,fulfilled
o-c-042-0023,c-042,2026-04-07,261.79,0.00,7.45,5.24,0.00,EUR,fulfilled
o-c-042-0024,c-042,2026-04-15,107.48,0.00,3.54,2.15,0.00,EUR,fulfilled
o-c-042-0025,c-042,2026-04-15,276.73,0.00,4.79,5.53,0.00,EUR,fulfilled
o-c-042-0026,c-042,2026-04-14,403.74,0.00,2.81,8.07,0.00,EUR,cancelled
o-c-043-0001,c-043,2026-04-10,25.69,0.00,3.01,0.51,0.00,USD,fulfilled
o-c-043-0002,c-043,2026-04-20,30.82,0.00,2.62,0.62,4.52,USD,fulfilled
o-c-043-0003,c-043,2026-04-04,43.67,0.00,0.37,0.87,5.36,USD,fulfilled
o-c-043-0004,c-043,2026-04-14,243.24,0.00,9.58,4.86,0.00,USD,cancelled
o-c-043-0005,c-043,2026-04-09,320.52,0.00,3.50,6.41,0.00,USD,fulfilled
o-c-043-0006,c-043,2026-04-25,362.89,0.00,1.21,7.26,31.18,USD,fulfilled
o-c-043-0007,c-043,2026-04-02,324.60,0.00,2.78,6.49,0.00,USD,fulfilled
o-c-043-0008,c-043,2026-04-05,292.91,0.00,12.25,5.86,0.00,USD,fulfilled
o-c-043-0009,c-043,2026-04-26,348.12,0.00,9.81,6.96,0.00,USD,fulfilled
o-c-043-0010,c-043,2026-04-05,127.66,0.00,0.36,2.55,0.00,USD,fulfilled
o-c-043-0011,c-043,2026-04-03,171.90,0.00,8.15,3.44,10.07,USD,fulfilled
o-c-043-0012,c-043,2026-04-17,415.08,0.00,11.33,8.30,0.00,USD,pending
o-c-043-0013,c-043,2026-04-09,323.29,0.00,0.37,6.47,0.00,USD,fulfilled
o-c-043-0014,c-043,2026-04-08,253.37,0.00,9.86,5.07,0.00,USD,fulfilled
o-c-043-0015,c-043,2026-04-01,190.16,0.00,8.48,3.80,0.00,USD,fulfilled
o-c-043-0016,c-043,2026-04-22,77.20,0.00,3.29,1.54,0.00,USD,fulfilled
o-c-043-0017,c-043,2026-04-10,173.96,0.00,12.23,3.48,0.00,USD,fulfilled
o-c-043-0018,c-043,2026-04-13,93.19,0.00,8.97,1.86,0.00,USD,cancelled
o-c-043-0019,c-043,2026-04-12,59.66,0.00,4.29,1.19,0.00,USD,fulfilled
o-c-043-0020,c-043,2026-04-13,74.86,0.00,11.00,1.50,0.00,USD,fulfilled
o-c-043-0021,c-043,2026-04-09,166.28,92.39,4.01,3.33,0.00,USD,fulfilled
o-c-043-0022,c-043,2026-04-07,292.36,0.00,5.87,5.85,0.00,USD,fulfilled
o-c-043-0023,c-043,2026-04-26,343.27,0.00,7.44,6.87,0.00,USD,fulfilled
o-c-043-0024,c-043,2026-04-13,295.26,0.00,10.01,5.91,0.00,USD,cancelled
o-c-043-0025,c-043,2026-04-10,235.82,0.00,9.87,4.72,0.00,USD,fulfilled
o-c-043-0026,c-043,2026-04-24,163.64,57.46,3.84,3.27,0.00,USD,cancelled
o-c-043-0027,c-043,2026-04-14,364.73,0.00,3.18,7.29,0.00,USD,fulfilled
o-c-043-0028,c-043,2026-04-23,97.54,0.00,4.97,1.95,0.00,USD,fulfilled
o-c-044-0001,c-044,2026-04-29,195.11,0.00,1.03,3.90,0.00,USD,cancelled
o-c-044-0002,c-044,2026-04-12,25.00,0.00,9.37,0.50,0.00,USD,fulfilled
o-c-044-0003,c-044,2026-04-03,23.60,0.00,0.79,0.47,0.00,USD,fulfilled
o-c-044-0004,c-044,2026-04-01,114.01,0.00,10.26,2.28,0.00,USD,fulfilled
o-c-044-0005,c-044,2026-04-03,240.90,0.00,3.95,4.82,16.30,USD,fulfilled
o-c-044-0006,c-044,2026-04-10,211.30,0.00,0.21,4.23,0.00,USD,fulfilled
o-c-044-0007,c-044,2026-04-06,188.98,0.00,6.76,3.78,27.69,USD,fulfilled
o-c-044-0008,c-044,2026-04-23,92.68,0.00,12.23,1.85,0.00,USD,fulfilled
o-c-044-0009,c-044,2026-04-18,98.26,0.00,9.92,1.97,0.00,USD,fulfilled
o-c-045-0001,c-045,2026-04-24,230.88,0.00,11.65,4.62,0.00,USD,fulfilled
o-c-045-0002,c-045,2026-04-20,91.29,0.00,0.80,1.83,0.00,USD,fulfilled
o-c-045-0003,c-045,2026-04-18,308.68,0.00,5.57,6.17,0.00,USD,pending
o-c-045-0004,c-045,2026-04-23,153.91,0.00,3.35,3.08,0.00,USD,fulfilled
o-c-045-0005,c-045,2026-04-09,333.24,0.00,6.46,6.66,0.00,USD,fulfilled
o-c-045-0006,c-045,2026-04-26,229.79,0.00,11.72,4.60,0.00,USD,fulfilled
o-c-045-0007,c-045,2026-04-14,116.66,0.00,2.74,2.33,0.00,USD,fulfilled
o-c-045-0008,c-045,2026-04-15,100.71,0.00,2.70,2.01,0.00,USD,fulfilled
o-c-045-0009,c-045,2026-04-27,70.12,0.00,9.44,1.40,0.00,USD,fulfilled
o-c-045-0010,c-045,2026-04-08,278.21,0.00,7.10,5.56,0.00,USD,fulfilled
o-c-045-0011,c-045,2026-04-05,124.85,0.00,12.50,2.50,0.00,USD,fulfilled
o-c-045-0012,c-045,2026-04-07,301.15,0.00,8.87,6.02,23.14,USD,fulfilled
o-c-045-0013,c-045,2026-04-04,276.74,0.00,2.19,5.53,20.39,USD,fulfilled
o-c-045-0014,c-045,2026-04-11,115.76,0.00,0.90,2.32,0.00,USD,fulfilled
o-c-045-0015,c-045,2026-04-27,392.97,0.00,10.94,7.86,29.83,USD,fulfilled
o-c-046-0001,c-046,2026-04-17,58.37,0.00,6.27,1.17,0.00,USD,fulfilled
o-c-046-0002,c-046,2026-04-29,227.11,0.00,2.01,4.54,0.00,USD,fulfilled
o-c-046-0003,c-046,2026-04-21,340.66,0.00,5.26,6.81,0.00,USD,fulfilled
o-c-046-0004,c-046,2026-04-16,262.83,0.00,10.09,5.26,0.00,USD,fulfilled
o-c-046-0005,c-046,2026-04-25,374.81,0.00,5.96,7.50,0.00,USD,fulfilled
o-c-046-0006,c-046,2026-04-23,402.65,0.00,11.35,8.05,24.69,USD,fulfilled
o-c-046-0007,c-046,2026-04-10,112.84,0.00,4.86,2.26,0.00,USD,fulfilled
o-c-046-0008,c-046,2026-04-07,355.72,0.00,11.24,7.11,30.24,USD,fulfilled
o-c-046-0009,c-046,2026-04-15,295.00,0.00,4.49,5.90,0.00,USD,fulfilled
o-c-046-0010,c-046,2026-04-27,378.64,0.00,3.03,7.57,0.00,USD,fulfilled
o-c-046-0011,c-046,2026-04-22,408.36,0.00,5.93,8.17,40.83,USD,fulfilled
o-c-046-0012,c-046,2026-04-21,98.01,0.00,6.80,1.96,0.00,USD,fulfilled
o-c-046-0013,c-046,2026-04-25,23.95,0.00,7.58,0.48,0.00,USD,fulfilled
o-c-046-0014,c-046,2026-04-11,167.48,0.00,4.59,3.35,12.19,USD,fulfilled
o-c-046-0015,c-046,2026-04-11,138.60,0.00,6.51,2.77,0.00,USD,fulfilled
o-c-046-0016,c-046,2026-04-04,213.25,0.00,5.61,4.26,20.97,USD,fulfilled
o-c-046-0017,c-046,2026-04-21,277.15,0.00,5.58,5.54,0.00,USD,fulfilled
o-c-047-0001,c-047,2026-04-02,24.23,0.00,7.43,0.48,0.00,GBP,fulfilled
o-c-047-0002,c-047,2026-04-09,243.92,0.00,7.59,4.88,31.78,GBP,fulfilled
o-c-047-0003,c-047,2026-04-22,104.25,0.00,2.57,2.09,14.71,GBP,fulfilled
o-c-047-0004,c-047,2026-04-16,64.24,0.00,3.58,1.28,0.00,GBP,fulfilled
o-c-047-0005,c-047,2026-04-13,376.65,0.00,11.36,7.53,0.00,GBP,fulfilled
o-c-047-0006,c-047,2026-04-23,377.81,0.00,6.03,7.56,49.82,GBP,fulfilled
o-c-047-0007,c-047,2026-04-14,356.47,0.00,8.77,7.13,0.00,GBP,fulfilled
o-c-047-0008,c-047,2026-04-06,22.38,0.00,9.64,0.45,0.00,GBP,fulfilled
o-c-047-0009,c-047,2026-04-07,320.33,287.63,9.16,6.41,0.00,GBP,fulfilled
o-c-047-0010,c-047,2026-04-09,92.26,0.00,2.01,1.85,0.00,GBP,fulfilled
o-c-048-0001,c-048,2026-04-24,129.87,0.00,7.97,2.60,0.00,USD,fulfilled
o-c-048-0002,c-048,2026-04-05,300.75,0.00,3.38,6.02,0.00,USD,fulfilled
o-c-048-0003,c-048,2026-04-01,293.80,0.00,2.90,5.88,25.86,USD,fulfilled
o-c-048-0004,c-048,2026-04-29,110.90,0.00,1.35,2.22,0.00,USD,fulfilled
o-c-048-0005,c-048,2026-04-27,412.73,0.00,7.37,8.25,0.00,USD,fulfilled
o-c-048-0006,c-048,2026-04-10,262.68,0.00,2.00,5.25,0.00,USD,fulfilled
o-c-048-0007,c-048,2026-04-14,76.73,0.00,1.70,1.53,0.00,USD,pending
o-c-048-0008,c-048,2026-04-20,29.96,0.00,12.41,0.60,0.00,USD,fulfilled
o-c-048-0009,c-048,2026-04-25,26.53,0.00,5.42,0.53,0.00,USD,fulfilled
o-c-048-0010,c-048,2026-04-20,395.98,0.00,12.40,7.92,0.00,USD,fulfilled
o-c-048-0011,c-048,2026-04-06,117.52,0.00,2.53,2.35,15.58,USD,fulfilled
o-c-048-0012,c-048,2026-04-22,180.91,0.00,11.50,3.62,0.00,USD,fulfilled
o-c-048-0013,c-048,2026-04-26,272.52,0.00,2.41,5.45,0.00,USD,fulfilled
o-c-048-0014,c-048,2026-04-16,320.82,0.00,2.69,6.42,0.00,USD,fulfilled
o-c-048-0015,c-048,2026-04-17,197.74,0.00,0.55,3.95,27.90,USD,fulfilled
o-c-048-0016,c-048,2026-04-29,268.78,0.00,0.77,5.38,0.00,USD,fulfilled
o-c-049-0001,c-049,2026-04-02,133.93,0.00,5.29,2.68,0.00,USD,fulfilled
o-c-049-0002,c-049,2026-04-09,320.61,0.00,4.20,6.41,20.06,USD,fulfilled
o-c-049-0003,c-049,2026-04-27,392.88,0.00,9.21,7.86,0.00,USD,fulfilled
o-c-049-0004,c-049,2026-04-03,108.73,0.00,11.17,2.17,13.96,USD,fulfilled
o-c-049-0005,c-049,2026-04-01,211.27,0.00,0.96,4.23,0.00,USD,fulfilled
o-c-049-0006,c-049,2026-04-08,414.30,0.00,8.31,8.29,0.00,USD,cancelled
o-c-049-0007,c-049,2026-04-01,389.66,0.00,5.16,7.79,0.00,USD,fulfilled
o-c-049-0008,c-049,2026-04-21,235.88,0.00,7.10,4.72,0.00,USD,fulfilled
o-c-049-0009,c-049,2026-04-16,123.98,0.00,9.09,2.48,0.00,USD,fulfilled
o-c-049-0010,c-049,2026-04-10,171.18,0.00,1.99,3.42,11.64,USD,fulfilled
o-c-049-0011,c-049,2026-04-22,92.45,0.00,5.31,1.85,0.00,USD,fulfilled
o-c-049-0012,c-049,2026-04-20,257.55,0.00,5.39,5.15,23.81,USD,fulfilled
o-c-049-0013,c-049,2026-04-12,224.49,0.00,4.89,4.49,16.54,USD,fulfilled
o-c-049-0014,c-049,2026-04-09,114.96,0.00,1.59,2.30,9.56,USD,fulfilled
o-c-049-0015,c-049,2026-04-02,252.84,0.00,6.70,5.06,12.84,USD,fulfilled
o-c-049-0016,c-049,2026-04-28,215.63,0.00,3.74,4.31,0.00,USD,fulfilled
o-c-049-0017,c-049,2026-04-16,358.89,100.92,10.02,7.18,0.00,USD,fulfilled
o-c-049-0018,c-049,2026-04-28,19.07,0.00,5.41,0.38,0.00,USD,fulfilled
o-c-049-0019,c-049,2026-04-17,341.21,0.00,11.18,6.82,0.00,USD,fulfilled
o-c-049-0020,c-049,2026-04-24,86.59,0.00,12.37,1.73,0.00,USD,fulfilled
o-c-049-0021,c-049,2026-04-03,397.86,0.00,12.22,7.96,0.00,USD,fulfilled
o-c-049-0022,c-049,2026-04-29,37.83,0.00,0.36,0.76,0.00,USD,fulfilled
o-c-050-0001,c-050,2026-04-07,73.36,48.49,3.77,1.47,0.00,USD,fulfilled
o-c-050-0002,c-050,2026-04-24,207.58,0.00,0.17,4.15,16.44,USD,cancelled
o-c-050-0003,c-050,2026-04-27,191.93,190.90,2.53,3.84,0.00,USD,fulfilled
o-c-050-0004,c-050,2026-04-28,165.01,0.00,7.03,3.30,0.00,USD,fulfilled
o-c-050-0005,c-050,2026-04-13,123.36,0.00,8.58,2.47,0.00,USD,fulfilled
o-c-050-0006,c-050,2026-04-08,260.50,0.00,6.89,5.21,0.00,USD,fulfilled
o-c-050-0007,c-050,2026-04-28,41.48,0.00,12.50,0.83,0.00,USD,fulfilled
o-c-050-0008,c-050,2026-04-15,268.33,0.00,0.36,5.37,0.00,USD,fulfilled
o-c-050-0009,c-050,2026-04-03,402.84,0.00,1.81,8.06,0.00,USD,fulfilled
o-c-050-0010,c-050,2026-04-16,395.82,0.00,3.64,7.92,0.00,USD,fulfilled
